code,term,dmd_id,type,bnf_code
10228111000001105,Mabron 100mg modified-release tablets,10228111000001105,AMP,040702040BHAAAC
10228311000001107,Mabron 150mg modified-release tablets,10228311000001107,AMP,040702040BHABAD
10228511000001101,Mabron 200mg modified-release tablets,10228511000001101,AMP,040702040BHACAE
10501011000001103,Tramadol 200mg modified-release tablets,10501011000001103,AMP,
10501711000001101,Tramadol 150mg modified-release tablets,10501711000001101,AMP,
10502111000001107,Tramadol 100mg modified-release tablets,10502111000001107,AMP,
10724711000001109,Fentanyl 25micrograms/hour transdermal patches,10724711000001109,AMP,0407020A0AAAEAE
109211000001105,Dromadol XL 200mg tablets,109211000001105,AMP,040702040BEAFAE
11054611000001106,Tradorec XL 100mg tablets,11054611000001106,AMP,040702040BIAAAC
11054811000001105,Tradorec XL 200mg tablets,11054811000001105,AMP,040702040BIABAE
11055011000001100,Tradorec XL 300mg tablets,11055011000001100,AMP,040702040BIACAM
11084511000001104,Matrifen 12micrograms/hour transdermal patches,11084511000001104,AMP,0407020A0BEAAAU
11084911000001106,Matrifen 25micrograms/hour transdermal patches,11084911000001106,AMP,0407020A0BEABAE
11474811000001102,Fentanyl 12micrograms/hour transdermal patches,11474811000001102,AMP,
11492411000001100,Transtec 35micrograms/hour transdermal patches,11492411000001100,AMP,
11530211000001102,Tramadol 50mg modified-release capsules,11530211000001102,AMP,
11530411000001103,Tramadol 100mg modified-release capsules,11530411000001103,AMP,
11530611000001100,Tramadol 150mg modified-release capsules,11530611000001100,AMP,
11530811000001101,Tramadol 200mg modified-release capsules,11530811000001101,AMP,
11592111000001101,Tramquel SR 50mg capsules,11592111000001101,AMP,040702040BJAAAG
11592311000001104,Tramquel SR 100mg capsules,11592311000001104,AMP,040702040BJABAH
11592511000001105,Tramquel SR 150mg capsules,11592511000001105,AMP,040702040BJACAI
11592711000001100,Tramquel SR 200mg capsules,11592711000001100,AMP,040702040BJADAJ
11929411000001103,OxyContin 10mg modified-release tablets,11929411000001103,AMP,
11929611000001100,OxyContin 20mg modified-release tablets,11929611000001100,AMP,
11929811000001101,OxyContin 40mg modified-release tablets,11929811000001101,AMP,
11985311000001102,Zydol SR 50mg tablets,11985311000001102,AMP,040702040BBAKAY
12037411000001103,Tramadol 50mg modified-release tablets,12037411000001103,VMP,040702040AAAYAY
12790311000001100,Tramulief SR 100mg tablets,12790311000001100,AMP,040702040BKAAAC
12790511000001106,Tramulief SR 150mg tablets,12790511000001106,AMP,040702040BKABAD
12790811000001109,Tramulief SR 200mg tablets,12790811000001109,AMP,040702040BKACAE
12869811000001101,Zeridame SR 100mg tablets,12869811000001101,AMP,040702040BLAAAC
12871211000001106,Zeridame SR 150mg tablets,12871211000001106,AMP,040702040BLABAD
12871611000001108,Zeridame SR 200mg tablets,12871611000001108,AMP,040702040BLACAE
12874811000001109,Fentalis Reservoir 25micrograms/hour transdermal patches,12874811000001109,AMP,0407020A0BGAAAE
12881511000001103,Mezolar Matrix 12micrograms/hour transdermal patches,12881511000001103,AMP,0407020A0BFAAAU
12881711000001108,Mezolar Matrix 25micrograms/hour transdermal patches,12881711000001108,AMP,0407020A0BFABAE
12948411000001105,Nobligan retard 100mg tablets,12948411000001105,AMP,040702040BMAAAC
13440611000001102,Fentanyl 25micrograms/hour transdermal patches,13440611000001102,AMP,0407020A0AAAEAE
13567511000001103,Osmach 25micrograms/hour transdermal patches,13567511000001103,AMP,0407020A0BHAAAE
13774011000001105,Tramadol 100mg modified-release capsules,13774011000001105,AMP,
13774211000001100,Tramadol 150mg modified-release capsules,13774211000001100,AMP,
13774411000001101,Tramadol 200mg modified-release capsules,13774411000001101,AMP,
139611000001100,Zydol XL 150mg tablets,139611000001100,AMP,040702040BBAGAD
13999811000001104,Zydol SR 100mg tablets,13999811000001104,AMP,
14000211000001101,Zydol SR 150mg tablets,14000211000001101,AMP,
14000511000001103,Zydol SR 200mg tablets,14000511000001103,AMP,
14008811000001102,Transtec 35micrograms/hour transdermal patches,14008811000001102,AMP,
142111000001100,Zydol XL 200mg tablets,142111000001100,AMP,040702040BBAHAE
14585711000001102,Tramadol 100mg modified-release capsules,14585711000001102,AMP,
14674911000001102,Transtec 35micrograms/hour transdermal patches,14674911000001102,AMP,
14784711000001100,Carexil 5mg modified-release tablets,14784711000001100,AMP,
14785111000001102,Carexil 10mg modified-release tablets,14785111000001102,AMP,
14785411000001107,Carexil 20mg modified-release tablets,14785411000001107,AMP,
14954011000001100,Marol 100mg modified-release tablets,14954011000001100,AMP,040702040BNAAAC
14954211000001105,Marol 150mg modified-release tablets,14954211000001105,AMP,040702040BNABAD
14954411000001109,Marol 200mg modified-release tablets,14954411000001109,AMP,040702040BNACAE
14975711000001101,Targinact 10mg/5mg modified-release tablets,14975711000001101,AMP,0407020AFBBAAAA
14976011000001107,Targinact 20mg/10mg modified-release tablets,14976011000001107,AMP,0407020AFBBABAB
14976811000001101,Maxitram SR 200mg capsules,14976811000001101,AMP,040702040BPADAJ
14977011000001105,Maxitram SR 150mg capsules,14977011000001105,AMP,040702040BPACAI
14977211000001100,Maxitram SR 100mg capsules,14977211000001100,AMP,040702040BPABAH
14977411000001101,Maxitram SR 50mg capsules,14977411000001101,AMP,040702040BPAAAG
14983211000001101,Oldaram 100mg modified-release tablets,14983211000001101,AMP,040702040BQAAAC
14983411000001102,Oldaram 150mg modified-release tablets,14983411000001102,AMP,040702040BQABAD
14983611000001104,Oldaram 200mg modified-release tablets,14983611000001104,AMP,040702040BQACAE
14985811000001101,Oxycodone 10mg / Naloxone 5mg modified-release tablets,14985811000001101,VMP,0407020AFAAAAAA
14985911000001106,Oxycodone 20mg / Naloxone 10mg modified-release tablets,14985911000001106,VMP,0407020AFAAABAB
15023811000001107,Fentanyl 25micrograms/hour transdermal patches,15023811000001107,AMP,0407020A0AAAEAE
15049411000001109,Durogesic DTrans 12micrograms/hour transdermal patches,15049411000001109,AMP,
15049611000001107,Durogesic DTrans 25micrograms/hour transdermal patches,15049611000001107,AMP,
15085711000001107,Fentanyl 25micrograms/hour transdermal patches,15085711000001107,AMP,
15195911000001103,Tramadol 100mg modified-release tablets,15195911000001103,AMP,
15196411000001102,Tramadol 150mg modified-release tablets,15196411000001102,AMP,
15196811000001100,Tramadol 200mg modified-release tablets,15196811000001100,AMP,
15234511000001103,Morphine 10mg modified-release tablets,15234511000001103,AMP,
15234711000001108,Morphine 30mg modified-release tablets,15234711000001108,AMP,
15302411000001109,Osmanil 25micrograms/hour transdermal patches,15302411000001109,AMP,0407020A0BLAAAE
15363211000001100,Victanyl 25micrograms/hour transdermal patches,15363211000001100,AMP,0407020A0BMAAAE
15609811000001108,Tramadol 150mg modified-release capsules,15609811000001108,AMP,
15610011000001108,Tramadol 200mg modified-release capsules,15610011000001108,AMP,
15850911000001105,Targinact 5mg/2.5mg modified-release tablets,15850911000001105,AMP,0407020AFBBACAC
15852911000001109,Oxycodone 5mg / Naloxone 2.5mg modified-release tablets,15852911000001109,VMP,0407020AFAAACAC
15937711000001102,Tramadol 50mg modified-release capsules,15937711000001102,AMP,
16088911000001101,Osmanil 12micrograms/hour transdermal patches,16088911000001101,AMP,0407020A0BLAEAU
16219611000001108,OxyContin 5mg modified-release tablets,16219611000001108,AMP,
16219811000001107,OxyContin 10mg modified-release tablets,16219811000001107,AMP,
16220011000001100,OxyContin 20mg modified-release tablets,16220011000001100,AMP,
16220211000001105,OxyContin 40mg modified-release tablets,16220211000001105,AMP,
16448311000001102,Zamadol SR 100mg capsules,16448311000001102,AMP,040702040AAAHAH
16448511000001108,Zamadol SR 150mg capsules,16448511000001108,AMP,040702040AAAIAI
16448711000001103,Zamadol SR 200mg capsules,16448711000001103,AMP,040702040AAAJAJ
16453911000001109,Zydol SR 100mg tablets,16453911000001109,AMP,040702040AAACAC
16454111000001108,Zydol SR 150mg tablets,16454111000001108,AMP,040702040AAADAD
16454311000001105,Zydol SR 200mg tablets,16454311000001105,AMP,040702040AAAEAE
16565111000001108,Durogesic DTrans 12micrograms/hour transdermal patches,16565111000001108,AMP,
16565411000001103,Durogesic DTrans 25micrograms/hour transdermal patches,16565411000001103,AMP,
16652611000001106,Morphine 10mg modified-release tablets,16652611000001106,AMP,
16652811000001105,Morphine 30mg modified-release tablets,16652811000001105,AMP,
17344811000001105,OxyContin 5mg modified-release tablets,17344811000001105,AMP,
17345011000001100,OxyContin 10mg modified-release tablets,17345011000001100,AMP,
17345211000001105,OxyContin 20mg modified-release tablets,17345211000001105,AMP,
17345411000001109,OxyContin 40mg modified-release tablets,17345411000001109,AMP,
17411000001109,Dromadol XL 300mg tablets,17411000001109,AMP,040702040BEAGAM
17467911000001105,Transtec 35micrograms/hour transdermal patches,17467911000001105,AMP,
17485111000001100,Zydol SR 100mg tablets,17485111000001100,AMP,
17485311000001103,Zydol SR 150mg tablets,17485311000001103,AMP,
17485511000001109,Zydol SR 200mg tablets,17485511000001109,AMP,
17599111000001108,Zydol SR 100mg tablets,17599111000001108,AMP,
17599311000001105,Zydol SR 150mg tablets,17599311000001105,AMP,
17599511000001104,Zydol SR 200mg tablets,17599511000001104,AMP,
17906011000001106,Fentanyl 25micrograms/hour transdermal patches,17906011000001106,AMP,
18068011000001108,Transtec 35micrograms/hour transdermal patches,18068011000001108,AMP,
18178811000001104,Zamadol SR 100mg capsules,18178811000001104,AMP,
18180911000001101,Zamadol SR 150mg capsules,18180911000001101,AMP,
18210611000001108,Zamadol SR 50mg capsules,18210611000001108,AMP,
18210911000001102,Zamadol SR 200mg capsules,18210911000001102,AMP,
18362411000001102,Tramadol 100mg modified-release capsules,18362411000001102,AMP,
18575511000001101,Durogesic DTrans 12micrograms/hour transdermal patches,18575511000001101,AMP,
18575711000001106,Durogesic DTrans 25micrograms/hour transdermal patches,18575711000001106,AMP,
18604111000001105,OxyContin 10mg modified-release tablets,18604111000001105,AMP,
18604311000001107,OxyContin 20mg modified-release tablets,18604311000001107,AMP,
18604511000001101,OxyContin 40mg modified-release tablets,18604511000001101,AMP,
18604711000001106,OxyContin 5mg modified-release tablets,18604711000001106,AMP,
18619011000001107,Zamadol SR 100mg capsules,18619011000001107,AMP,
18619611000001100,Zamadol SR 150mg capsules,18619611000001100,AMP,
18620011000001108,Zamadol SR 200mg capsules,18620011000001108,AMP,
18620511000001100,Zamadol SR 50mg capsules,18620511000001100,AMP,
18644611000001105,OxyContin 30mg modified-release tablets,18644611000001105,AMP,0407020ADBCAHAR
18645111000001103,OxyContin 15mg modified-release tablets,18645111000001103,AMP,0407020ADBCAIAS
18663511000001100,Palexia SR 50mg tablets,18663511000001100,AMP,0407020AGBBACAC
18664111000001106,Palexia SR 100mg tablets,18664111000001106,AMP,0407020AGBBADAD
18671811000001106,Tapentadol 100mg modified-release tablets,18671811000001106,VMP,0407020AGAAADAD
18672211000001103,Tapentadol 50mg modified-release tablets,18672211000001103,VMP,0407020AGAAACAC
19308911000001107,Aceon 100mg modified-release tablets,19308911000001107,AMP,040702040BRAAAC
19309111000001102,Aceon 150mg modified-release tablets,19309111000001102,AMP,040702040BRABAD
19309311000001100,Aceon 200mg modified-release tablets,19309311000001100,AMP,040702040BRACAE
19486711000001102,Fencino 12micrograms/hour transdermal patches,19486711000001102,AMP,0407020A0BQAAAU
19486911000001100,Fencino 25micrograms/hour transdermal patches,19486911000001100,AMP,0407020A0BQABAE
19624411000001108,Marol 200mg modified-release tablets,19624411000001108,AMP,040702040BNADAE
19624611000001106,Marol 150mg modified-release tablets,19624611000001106,AMP,040702040BNAEAD
19624811000001105,Marol 100mg modified-release tablets,19624811000001105,AMP,040702040BNAFAC
19962011000001103,Durogesic DTrans 12micrograms/hour transdermal patches,19962011000001103,AMP,
19962411000001107,Durogesic DTrans 25micrograms/hour transdermal patches,19962411000001107,AMP,
20475011000001102,Mabron 100mg modified-release tablets,20475011000001102,AMP,040702040BHADAC
20475211000001107,Mabron 150mg modified-release tablets,20475211000001107,AMP,040702040BHAEAD
20475411000001106,Mabron 200mg modified-release tablets,20475411000001106,AMP,040702040BHAFAE
20937511000001101,Longtec 5mg modified-release tablets,20937511000001101,AMP,0407020ADBEAAAK
20937711000001106,Longtec 10mg modified-release tablets,20937711000001106,AMP,0407020ADBEABAF
20937911000001108,Longtec 20mg modified-release tablets,20937911000001108,AMP,0407020ADBEACAG
20938111000001106,Longtec 40mg modified-release tablets,20938111000001106,AMP,0407020ADBEADAH
20968611000001105,Oxylan 5mg modified-release tablets,20968611000001105,AMP,0407020ADBFAAAK
20968811000001109,Oxylan 10mg modified-release tablets,20968811000001109,AMP,0407020ADBFABAF
20969011000001108,Oxylan 20mg modified-release tablets,20969011000001108,AMP,0407020ADBFACAG
20969211000001103,Oxylan 40mg modified-release tablets,20969211000001103,AMP,0407020ADBFADAH
21011000001101,Zamadol SR 50mg capsules,21011000001101,AMP,040702040BDABAG
21503311000001105,Targinact 5mg/2.5mg modified-release tablets,21503311000001105,AMP,
21503511000001104,Targinact 10mg/5mg modified-release tablets,21503511000001104,AMP,
21503711000001109,Targinact 20mg/10mg modified-release tablets,21503711000001109,AMP,
21515211000001100,Candox 10mg modified-release tablets,21515211000001100,AMP,0407020ADBGAAAF
21515911000001109,Candox 5mg modified-release tablets,21515911000001109,AMP,0407020ADBGACAK
21516111000001100,Candox 20mg modified-release tablets,21516111000001100,AMP,0407020ADBGABAG
21516811000001107,Candox 40mg modified-release tablets,21516811000001107,AMP,0407020ADBGADAH
216911000001105,Dromadol SR 100mg tablets,216911000001105,AMP,040702040BEABAC
21692711000001108,BuTrans 5micrograms/hour transdermal patches,21692711000001108,AMP,
21692911000001105,Tilodol SR 100mg tablets,21692911000001105,AMP,040702040BSAAAC
21693011000001102,BuTrans 10micrograms/hour transdermal patches,21693011000001102,AMP,
21693411000001106,BuTrans 20micrograms/hour transdermal patches,21693411000001106,AMP,
21694511000001108,Tilodol SR 150mg tablets,21694511000001108,AMP,040702040BSABAD
21695111000001100,Tilodol SR 200mg tablets,21695111000001100,AMP,040702040BSACAE
21867911000001102,Tramadol 200mg modified-release tablets,21867911000001102,AMP,
21868111000001104,Tramadol 150mg modified-release tablets,21868111000001104,AMP,
21868311000001102,Tramadol 100mg modified-release tablets,21868311000001102,AMP,
21869111000001106,Tramadol 50mg modified-release capsules,21869111000001106,AMP,
21869311000001108,Tramadol 100mg modified-release capsules,21869311000001108,AMP,
21869511000001102,Tramadol 200mg modified-release capsules,21869511000001102,AMP,
21869711000001107,Tramadol 150mg modified-release capsules,21869711000001107,AMP,
21964211000001106,Invodol SR 100mg tablets,21964211000001106,AMP,040702040BTAAAC
21964411000001105,Invodol SR 150mg tablets,21964411000001105,AMP,040702040BTABAD
21964611000001108,Invodol SR 200mg tablets,21964611000001108,AMP,040702040BTACAE
22355311000001101,Tramadol 100mg modified-release capsules,22355311000001101,AMP,
22355511000001107,Tramadol 150mg modified-release capsules,22355511000001107,AMP,
22356111000001109,Tramadol 200mg modified-release capsules,22356111000001109,AMP,
22356711000001105,Tramadol 50mg modified-release capsules,22356711000001105,AMP,
22356911000001107,Tramadol 100mg modified-release tablets,22356911000001107,AMP,
22357111000001107,Tramadol 150mg modified-release tablets,22357111000001107,AMP,
22357311000001109,Tramadol 200mg modified-release tablets,22357311000001109,AMP,
22357511000001103,Tramadol 400mg modified-release tablets,22357511000001103,AMP,
22379411000001108,OxyContin 15mg modified-release tablets,22379411000001108,AMP,
22379611000001106,OxyContin 30mg modified-release tablets,22379611000001106,AMP,
22394711000001107,Tramadol 100mg modified-release capsules,22394711000001107,AMP,
22394911000001109,Tramadol 150mg modified-release capsules,22394911000001109,AMP,
22395111000001105,Tramadol 200mg modified-release capsules,22395111000001105,AMP,
22395311000001107,Tramadol 50mg modified-release capsules,22395311000001107,AMP,
22416411000001100,Oxylan 5mg modified-release tablets,22416411000001100,AMP,0407020ADBFAFAK
22417611000001100,Oxylan 10mg modified-release tablets,22417611000001100,AMP,0407020ADBFAGAF
22417811000001101,Oxylan 20mg modified-release tablets,22417811000001101,AMP,0407020ADBFAHAG
22420411000001106,Oxylan 40mg modified-release tablets,22420411000001106,AMP,0407020ADBFAIAH
22467111000001109,Tramadol 100mg modified-release capsules,22467111000001109,AMP,
22467311000001106,Tramadol 150mg modified-release capsules,22467311000001106,AMP,
22467511000001100,Tramadol 200mg modified-release capsules,22467511000001100,AMP,
22467711000001105,Tramadol 50mg modified-release capsules,22467711000001105,AMP,
22467911000001107,Tramadol 100mg modified-release tablets,22467911000001107,AMP,
22468111000001105,Tramadol 150mg modified-release tablets,22468111000001105,AMP,
22468311000001107,Tramadol 200mg modified-release tablets,22468311000001107,AMP,
22696311000001109,Tramadol 100mg modified-release tablets,22696311000001109,AMP,
22696511000001103,Tramadol 150mg modified-release tablets,22696511000001103,AMP,
22696711000001108,Tramadol 200mg modified-release tablets,22696711000001108,AMP,
22696911000001105,Tramadol 100mg modified-release tablets,22696911000001105,AMP,
22697111000001105,Tramadol 150mg modified-release tablets,22697111000001105,AMP,
22697311000001107,Tramadol 200mg modified-release tablets,22697311000001107,AMP,
23020611000001108,Dolocodon PR 20mg tablets,23020611000001108,AMP,0407020ADBIAAAG
23020811000001107,Dolocodon PR 40mg tablets,23020811000001107,AMP,0407020ADBIABAH
23047311000001100,Dolocodon PR 5mg tablets,23047311000001100,AMP,0407020ADBIACAK
23366811000001104,Dolocodon PR 10mg tablets,23366811000001104,AMP,0407020ADBIADAF
23432411000001104,Tramadol 100mg modified-release tablets,23432411000001104,AMP,
23432611000001101,Tramadol 150mg modified-release tablets,23432611000001101,AMP,
23432811000001102,Tramadol 200mg modified-release tablets,23432811000001102,AMP,
23433011000001104,Tramadol 400mg modified-release tablets,23433011000001104,AMP,
23439211000001106,Morphgesic SR 10mg tablets,23439211000001106,AMP,
23446211000001101,Hapoctasin 35micrograms/hour transdermal patches,23446211000001101,AMP,0407020B0BGAAAE
23449411000001109,Opiodur 12micrograms/hour transdermal patches,23449411000001109,AMP,0407020A0BRAAAU
23449611000001107,Opiodur 25micrograms/hour transdermal patches,23449611000001107,AMP,0407020A0BRABAE
23594711000001103,Fentanyl 12micrograms/hour transdermal patches,23594711000001103,AMP,
23594911000001101,Fentanyl 25micrograms/hour transdermal patches,23594911000001101,AMP,
23601711000001108,Tramadol 50mg modified-release capsules,23601711000001108,AMP,
23601911000001105,Tramadol 100mg modified-release capsules,23601911000001105,AMP,
23602211000001108,Tramadol 150mg modified-release capsules,23602211000001108,AMP,
23602411000001107,Tramadol 200mg modified-release capsules,23602411000001107,AMP,
23682311000001104,Mezolar Matrix 37.5microgram/hour transdermal patches,23682311000001104,AMP,0407020A0BFAFBW
23707711000001107,Fentanyl 37.5microgram/hour transdermal patches,23707711000001107,VMP,0407020A0AABWBW
23916411000001106,Fentanyl 12micrograms/hour transdermal patches,23916411000001106,AMP,
23962311000001102,Tramadol 100mg modified-release capsules,23962311000001102,AMP,
23962511000001108,Tramadol 100mg modified-release tablets,23962511000001108,AMP,
23962711000001103,Tramadol 150mg modified-release capsules,23962711000001103,AMP,
23963011000001109,Tramadol 150mg modified-release tablets,23963011000001109,AMP,
23963211000001104,Tramadol 200mg modified-release capsules,23963211000001104,AMP,
23963411000001100,Tramadol 200mg modified-release tablets,23963411000001100,AMP,
23963611000001102,Tramadol 400mg modified-release tablets,23963611000001102,AMP,
23963811000001103,Tramadol 50mg modified-release capsules,23963811000001103,AMP,
24026211000001106,Tramadol 150mg modified-release tablets,24026211000001106,AMP,
24028811000001108,Tramadol 100mg modified-release capsules,24028811000001108,AMP,
24029011000001107,Tramadol 150mg modified-release capsules,24029011000001107,AMP,
24029211000001102,Tramadol 200mg modified-release capsules,24029211000001102,AMP,
24029411000001103,Tramadol 50mg modified-release capsules,24029411000001103,AMP,
24029611000001100,Tramadol 100mg modified-release tablets,24029611000001100,AMP,
24029811000001101,Tramadol 200mg modified-release tablets,24029811000001101,AMP,
24100611000001106,Tramadol 50mg modified-release capsules,24100611000001106,AMP,
24101111000001109,Tramadol 100mg modified-release capsules,24101111000001109,AMP,
24101411000001104,Tramadol 150mg modified-release capsules,24101411000001104,AMP,
24101711000001105,Tramadol 200mg modified-release capsules,24101711000001105,AMP,
24117111000001104,Tramadol 50mg modified-release capsules,24117111000001104,AMP,
24117311000001102,Tramadol 100mg modified-release capsules,24117311000001102,AMP,
24117511000001108,Tramadol 50mg modified-release tablets,24117511000001108,AMP,
24117711000001103,Tramadol 100mg modified-release tablets,24117711000001103,AMP,
24156911000001106,Tramadol 200mg modified-release tablets,24156911000001106,AMP,
24157111000001106,Tramadol 150mg modified-release tablets,24157111000001106,AMP,
24157311000001108,Tramadol 100mg modified-release tablets,24157311000001108,AMP,
24466911000001102,Reltebon 5mg modified-release tablets,24466911000001102,AMP,0407020ADBKAAAK
24467111000001102,Reltebon 10mg modified-release tablets,24467111000001102,AMP,0407020ADBKABAF
24467411000001107,Reltebon 20mg modified-release tablets,24467411000001107,AMP,0407020ADBKACAG
24467711000001101,Reltebon 40mg modified-release tablets,24467711000001101,AMP,0407020ADBKADAH
24558611000001108,Oxycodone 10mg modified-release tablets,24558611000001108,AMP,
24558811000001107,Oxycodone 5mg modified-release tablets,24558811000001107,AMP,
24559011000001106,Oxycodone 20mg modified-release tablets,24559011000001106,AMP,
24559211000001101,Oxycodone 40mg modified-release tablets,24559211000001101,AMP,
24560211000001102,Mylafent 12micrograms/hour transdermal patches,24560211000001102,AMP,0407020A0BUAAAU
24560411000001103,Mylafent 25micrograms/hour transdermal patches,24560411000001103,AMP,0407020A0BUABAE
24567111000001109,Oxycodone 5mg modified-release tablets,24567111000001109,AMP,
24567311000001106,Oxycodone 10mg modified-release tablets,24567311000001106,AMP,
24567511000001100,Oxycodone 40mg modified-release tablets,24567511000001100,AMP,
24567711000001105,Oxycodone 20mg modified-release tablets,24567711000001105,AMP,
24578811000001105,Tramadol 50mg modified-release capsules,24578811000001105,AMP,
24579011000001109,Tramadol 150mg modified-release capsules,24579011000001109,AMP,
24579211000001104,Tramadol 200mg modified-release capsules,24579211000001104,AMP,
24579411000001100,Tramadol 100mg modified-release tablets,24579411000001100,AMP,
24579611000001102,Tramadol 150mg modified-release tablets,24579611000001102,AMP,
24579811000001103,Tramadol 200mg modified-release tablets,24579811000001103,AMP,
24636911000001106,Maneo 100mg modified-release tablets,24636911000001106,AMP,040702040BUAAAC
24637211000001100,Maneo 150mg modified-release tablets,24637211000001100,AMP,040702040BUABAD
24637511000001102,Maneo 200mg modified-release tablets,24637511000001102,AMP,040702040BUACAE
25430311000001104,Tramadol 100mg modified-release tablets,25430311000001104,AMP,
25430611000001109,Tramadol 100mg modified-release capsules,25430611000001109,AMP,
25430911000001103,Tramadol 200mg modified-release tablets,25430911000001103,AMP,
25431211000001101,Tramadol 50mg modified-release capsules,25431211000001101,AMP,
25431511000001103,Tramadol 150mg modified-release capsules,25431511000001103,AMP,
25431711000001108,Tramadol 150mg modified-release tablets,25431711000001108,AMP,
25434411000001100,Tramadol 200mg modified-release capsules,25434411000001100,AMP,
25437111000001100,Tramadol 150mg modified-release capsules,25437111000001100,AMP,
25437511000001109,Tramadol 150mg modified-release tablets,25437511000001109,AMP,
25437811000001107,Tramadol 200mg modified-release capsules,25437811000001107,AMP,
25438111000001104,Tramadol 200mg modified-release tablets,25438111000001104,AMP,
25441411000001103,Tramadol 100mg modified-release tablets,25441411000001103,AMP,
25441611000001100,Tramadol 150mg modified-release tablets,25441611000001100,AMP,
25441811000001101,Tramadol 200mg modified-release tablets,25441811000001101,AMP,
26419911000001100,Tramadol 100mg modified-release tablets,26419911000001100,AMP,
26420211000001108,Tramadol 150mg modified-release tablets,26420211000001108,AMP,
26420611000001105,Tramadol 200mg modified-release tablets,26420611000001105,AMP,
26447211000001105,Tramadol 50mg modified-release capsules,26447211000001105,AMP,
26447611000001107,Tramadol 100mg modified-release capsules,26447611000001107,AMP,
26448111000001103,Tramadol 150mg modified-release capsules,26448111000001103,AMP,
26458911000001103,Tramadol 200mg modified-release capsules,26458911000001103,AMP,
26857611000001102,Tramadol 100mg modified-release capsules,26857611000001102,AMP,
26857811000001103,Tramadol 150mg modified-release capsules,26857811000001103,AMP,
26858011000001105,Tramadol 200mg modified-release capsules,26858011000001105,AMP,
26858311000001108,Tramadol 50mg modified-release capsules,26858311000001108,AMP,
272811000001105,MST Continus 15mg tablets,272811000001105,AMP,0407020Q0BBALCF
278411000001105,Dromadol SR 200mg tablets,278411000001105,AMP,040702040BEADAE
27992811000001102,Reltebon 15mg modified-release tablets,27992811000001102,AMP,0407020ADBKAFAS
27993011000001104,Reltebon 30mg modified-release tablets,27993011000001104,AMP,0407020ADBKAGAR
28035411000001104,Tramadol 50mg modified-release tablets,28035411000001104,AMP,
28037411000001105,Tramadol 300mg modified-release tablets,28037411000001105,AMP,
28037711000001104,Tramadol 400mg modified-release tablets,28037711000001104,AMP,
28139411000001105,Tramadol 100mg modified-release capsules,28139411000001105,AMP,
28139911000001102,Tramadol 150mg modified-release capsules,28139911000001102,AMP,
28140111000001109,Tramadol 200mg modified-release capsules,28140111000001109,AMP,
28140411000001104,Tramadol 50mg modified-release capsules,28140411000001104,AMP,
28140811000001102,Tramadol 100mg modified-release tablets,28140811000001102,AMP,
28141311000001101,Tramadol 150mg modified-release tablets,28141311000001101,AMP,
28141711000001102,Tramadol 200mg modified-release tablets,28141711000001102,AMP,
28268411000001106,Tramadol 400mg modified-release tablets,28268411000001106,AMP,
2837011000001109,Durogesic 25micrograms transdermal patches,2837011000001109,AMP,0407020A0BBAAAE
28489611000001104,Buprenorphine 35micrograms/hour transdermal patches,28489611000001104,AMP,
28838511000001107,Tramadol 50mg modified-release capsules,28838511000001107,AMP,040702040AAAGAG
28839311000001107,Tramadol 100mg modified-release capsules,28839311000001107,AMP,040702040AAAHAH
28840111000001101,Tramadol 150mg modified-release capsules,28840111000001101,AMP,040702040AAAIAI
28844211000001104,Tramadol 200mg modified-release capsules,28844211000001104,AMP,040702040AAAJAJ
2891711000001108,OxyContin 10mg modified-release tablets,2891711000001108,AMP,0407020ADBCAAAF
2896611000001106,OxyContin 20mg modified-release tablets,2896611000001106,AMP,0407020ADBCABAG
2897211000001106,OxyContin 40mg modified-release tablets,2897211000001106,AMP,0407020ADBCACAH
29650311000001107,Oxeltra 5mg modified-release tablets,29650311000001107,AMP,0407020ADBLAAAK
29677211000001102,Oxeltra 30mg modified-release tablets,29677211000001102,AMP,0407020ADBLACAR
29677611000001100,Oxeltra 40mg modified-release tablets,29677611000001100,AMP,0407020ADBLAEAH
29677811000001101,Oxeltra 10mg modified-release tablets,29677811000001101,AMP,0407020ADBLAFAF
29678111000001109,Oxeltra 15mg modified-release tablets,29678111000001109,AMP,0407020ADBLAGAS
29678311000001106,Oxeltra 20mg modified-release tablets,29678311000001106,AMP,0407020ADBLAHAG
29838411000001106,Longtec 15mg modified-release tablets,29838411000001106,AMP,0407020ADBEAGAS
29838611000001109,Longtec 30mg modified-release tablets,29838611000001109,AMP,0407020ADBEAHAR
30001711000001101,Yemex 12micrograms/hour transdermal patches,30001711000001101,AMP,0407020A0BVAAAU
30002011000001106,Yemex 25micrograms/hour transdermal patches,30002011000001106,AMP,0407020A0BVABAE
30027911000001101,Buprenorphine 35micrograms/hour transdermal patches,30027911000001101,AMP,
30054811000001103,Fentanyl 12micrograms/hour transdermal patches,30054811000001103,AMP,
30055011000001108,Fentanyl 25micrograms/hour transdermal patches,30055011000001108,AMP,
30275011000001100,Zamadol SR 50mg capsules,30275011000001100,AMP,
3037111000001103,DHC Continus 60mg tablets,3037111000001103,AMP,0407020G0BBAAAD
3037511000001107,DHC Continus 90mg tablets,3037511000001107,AMP,0407020G0BBABAE
3037811000001105,DHC Continus 120mg tablets,3037811000001105,AMP,0407020G0BBACAF
306311000001100,Zydol SR 100mg tablets,306311000001100,AMP,040702040BBACAC
30719311000001101,Abtard 5mg modified-release tablets,30719311000001101,AMP,0407020ADBMAAAK
30719811000001105,Abtard 10mg modified-release tablets,30719811000001105,AMP,0407020ADBMABAF
30720111000001102,Abtard 15mg modified-release tablets,30720111000001102,AMP,0407020ADBMACAS
30720511000001106,Abtard 20mg modified-release tablets,30720511000001106,AMP,0407020ADBMADAG
30720811000001109,Abtard 40mg modified-release tablets,30720811000001109,AMP,0407020ADBMAEAH
30721111000001108,Abtard 30mg modified-release tablets,30721111000001108,AMP,0407020ADBMAFAR
3075211000001103,Filnarine SR 10mg tablets,3075211000001103,AMP,0407020Q0BMAAAK
3077711000001104,MST Continus 10mg tablets,3077711000001104,AMP,0407020Q0BBAAAK
3078711000001103,MST Continus 30mg tablets,3078711000001103,AMP,0407020Q0BBABAL
3078911000001101,Filnarine SR 30mg tablets,3078911000001101,AMP,0407020Q0BMABAL
31278611000001105,Butec 20micrograms/hour transdermal patches,31278611000001105,AMP,0407020B0BHACAJ
31278911000001104,Butec 10micrograms/hour transdermal patches,31278911000001104,AMP,0407020B0BHABAI
31279211000001103,Butec 5micrograms/hour transdermal patches,31279211000001103,AMP,0407020B0BHAAAH
31322211000001103,Carexil 5mg modified-release tablets,31322211000001103,AMP,0407020ADBDAAAK
31323511000001107,Carexil 10mg modified-release tablets,31323511000001107,AMP,0407020ADBDABAF
31324011000001102,Carexil 20mg modified-release tablets,31324011000001102,AMP,0407020ADBDACAG
315611000001102,Zydol SR 200mg tablets,315611000001102,AMP,040702040BBAEAE
31877211000001103,BuTrans 15micrograms/hour transdermal patches,31877211000001103,AMP,0407020B0BEADAK
32038411000001102,Buprenorphine 15micrograms/hour transdermal patches,32038411000001102,VMP,0407020B0AAAKAK
32135311000001106,Zomestine 10mg modified-release tablets,32135311000001106,AMP,0407020ADBNADAF
32136711000001102,Zomestine 40mg modified-release tablets,32136711000001102,AMP,0407020ADBNABAH
32138511000001108,Zomestine 5mg modified-release tablets,32138511000001108,AMP,0407020ADBNACAK
32140211000001108,Zomestine 20mg modified-release tablets,32140211000001108,AMP,0407020ADBNAEAG
32196811000001100,Carexil 40mg modified-release tablets,32196811000001100,AMP,0407020ADBDADAH
32484211000001106,Bupeaze 35micrograms/hour transdermal patches,32484211000001106,AMP,0407020B0BIAAAE
32520211000001103,Victanyl 12micrograms/hour transdermal patches,32520211000001103,AMP,0407020A0BMAEAU
32576211000001102,Prenotrix 35micrograms/hour transdermal patches,32576211000001102,AMP,0407020B0BJAAAE
32904011000001102,Oxycodone 5mg modified-release tablets,32904011000001102,AMP,
32904211000001107,Oxycodone 10mg modified-release tablets,32904211000001107,AMP,
32904411000001106,Oxycodone 20mg modified-release tablets,32904411000001106,AMP,
32904611000001109,Oxycodone 40mg modified-release tablets,32904611000001109,AMP,
33038711000001103,Reletrans 5micrograms/hour transdermal patches,33038711000001103,AMP,0407020B0BKAAAH
33038911000001101,Reletrans 10micrograms/hour transdermal patches,33038911000001101,AMP,0407020B0BKABAI
33039111000001106,Reletrans 15micrograms/hour transdermal patches,33039111000001106,AMP,0407020B0BKACAK
33039311000001108,Reletrans 20micrograms/hour transdermal patches,33039311000001108,AMP,0407020B0BKADAJ
33054211000001103,Panitaz 5micrograms/hour transdermal patches,33054211000001103,AMP,0407020B0BLAAAH
33054411000001104,Panitaz 10micrograms/hour transdermal patches,33054411000001104,AMP,0407020B0BLABAI
33054611000001101,Panitaz 20micrograms/hour transdermal patches,33054611000001101,AMP,0407020B0BLACAJ
331011000001101,Zamadol SR 100mg capsules,331011000001101,AMP,040702040BDACAH
33423611000001107,Buprenorphine 5micrograms/hour transdermal patches,33423611000001107,AMP,
33423811000001106,Buprenorphine 10micrograms/hour transdermal patches,33423811000001106,AMP,
33424011000001103,Buprenorphine 20micrograms/hour transdermal patches,33424011000001103,AMP,
33480711000001101,Sevodyne 5micrograms/hour transdermal patches,33480711000001101,AMP,0407020B0BMAAAH
33480911000001104,Sevodyne 10micrograms/hour transdermal patches,33480911000001104,AMP,0407020B0BMABAI
33481111000001108,Sevodyne 20micrograms/hour transdermal patches,33481111000001108,AMP,0407020B0BMACAJ
33546611000001105,Buplast 35micrograms/hour transdermal patches,33546611000001105,AMP,0407020B0BNAAAE
33629011000001104,Leveraxo 5mg modified-release tablets,33629011000001104,AMP,0407020ADBPAAAK
33629211000001109,Leveraxo 10mg modified-release tablets,33629211000001109,AMP,0407020ADBPABAF
33629411000001108,Leveraxo 20mg modified-release tablets,33629411000001108,AMP,0407020ADBPACAG
33629611000001106,Leveraxo 30mg modified-release tablets,33629611000001106,AMP,0407020ADBPADAR
33629811000001105,Leveraxo 40mg modified-release tablets,33629811000001105,AMP,0407020ADBPAEAH
34027411000001106,Butec 15micrograms/hour transdermal patches,34027411000001106,AMP,0407020B0BHADAK
34051311000001106,Onexila XL 40mg tablets,34051311000001106,AMP,0407020ADBQACAH
34051611000001101,Onexila XL 10mg tablets,34051611000001101,AMP,0407020ADBQAAAF
34051911000001107,Onexila XL 20mg tablets,34051911000001107,AMP,0407020ADBQABAG
34172511000001101,Relevtec 35micrograms/hour transdermal patches,34172511000001101,AMP,0407020B0BPAAAE
3446611000001101,Transtec 35micrograms/hour transdermal patches,3446611000001101,AMP,0407020B0BDAAAE
34534911000001109,Zytram SR 150mg tablets,34534911000001109,AMP,040702040BVAAAD
34535311000001107,Zytram SR 75mg tablets,34535311000001107,AMP,040702040BVABAP
34535811000001103,Zytram SR 100mg tablets,34535811000001103,AMP,040702040BVACAC
34536311000001102,Zytram SR 200mg tablets,34536311000001102,AMP,040702040BVADAE
34551811000001100,Bupramyl 5micrograms/hour transdermal patches,34551811000001100,AMP,0407020B0BQAAAH
34552011000001103,Bupramyl 10micrograms/hour transdermal patches,34552011000001103,AMP,0407020B0BQABAI
34552211000001108,Bupramyl 20micrograms/hour transdermal patches,34552211000001108,AMP,0407020B0BQACAJ
34626711000001105,Oxycodone 15mg modified-release tablets,34626711000001105,AMP,
34626911000001107,Oxycodone 30mg modified-release tablets,34626911000001107,AMP,
34733411000001103,Brimisol PR 100mg tablets,34733411000001103,AMP,040702040BWAAAC
34838811000001108,Busiete 5micrograms/hour transdermal patches,34838811000001108,AMP,0407020B0BRAAAH
34839011000001107,Busiete 10micrograms/hour transdermal patches,34839011000001107,AMP,0407020B0BRABAI
34839211000001102,Busiete 20micrograms/hour transdermal patches,34839211000001102,AMP,0407020B0BRACAJ
34911711000001108,Turgeon 35micrograms/hour transdermal patches,34911711000001108,AMP,0407020B0BSAAAE
35358711000001106,Opiodur 12micrograms/hour transdermal patches,35358711000001106,AMP,0407020A0BRAFAU
35359311000001101,Opiodur 25micrograms/hour transdermal patches,35359311000001101,AMP,0407020A0BRAGAE
35541911000001100,Renocontin 5mg modified-release tablets,35541911000001100,AMP,0407020ADBRAAAK
35542111000001108,Renocontin 10mg modified-release tablets,35542111000001108,AMP,0407020ADBRABAF
35542311000001105,Renocontin 15mg modified-release tablets,35542311000001105,AMP,0407020ADBRACAS
35542511000001104,Renocontin 20mg modified-release tablets,35542511000001104,AMP,0407020ADBRADAG
35542711000001109,Renocontin 30mg modified-release tablets,35542711000001109,AMP,0407020ADBRAEAR
35542911000001106,Renocontin 40mg modified-release tablets,35542911000001106,AMP,0407020ADBRAFAH
35543711000001101,Carlosafine 35micrograms/hour transdermal patches,35543711000001101,AMP,0407020B0BTAAAE
35544311000001103,Bunov 5micrograms/hour transdermal patches,35544311000001103,AMP,0407020B0BUAAAH
35544511000001109,Bunov 10micrograms/hour transdermal patches,35544511000001109,AMP,0407020B0BUABAI
35545111000001101,Bunov 20micrograms/hour transdermal patches,35545111000001101,AMP,0407020B0BUACAJ
35846011000001105,Oxypro 5mg modified-release tablets,35846011000001105,AMP,0407020ADBSAAAK
35846211000001100,Oxypro 10mg modified-release tablets,35846211000001100,AMP,0407020ADBSABAF
35846411000001101,Oxypro 15mg modified-release tablets,35846411000001101,AMP,0407020ADBSACAS
35846611000001103,Oxypro 20mg modified-release tablets,35846611000001103,AMP,0407020ADBSADAG
35846811000001104,Oxypro 30mg modified-release tablets,35846811000001104,AMP,0407020ADBSAEAR
35847011000001108,Oxypro 40mg modified-release tablets,35847011000001108,AMP,0407020ADBSAFAH
35853511000001107,Ixyldone 5mg modified-release tablets,35853511000001107,AMP,0407020ADBTAAAK
35857411000001101,Ixyldone 30mg modified-release tablets,35857411000001101,AMP,0407020ADBTAEAR
35857611000001103,Ixyldone 10mg modified-release tablets,35857611000001103,AMP,0407020ADBTABAF
35857811000001104,Ixyldone 15mg modified-release tablets,35857811000001104,AMP,0407020ADBTACAS
35857911000001109,Ixyldone 40mg modified-release tablets,35857911000001109,AMP,0407020ADBTAFAH
35858311000001109,Ixyldone 20mg modified-release tablets,35858311000001109,AMP,0407020ADBTADAG
35913711000001103,Buprenorphine 35micrograms/hour transdermal patches,35913711000001103,VMP,0407020B0AAAEAE
35920211000001106,Tramadol 100mg modified-release capsules,35920211000001106,VMP,040702040AAAHAH
35920311000001103,Tramadol 100mg modified-release tablets,35920311000001103,VMP,040702040AAACAC
35920511000001109,Tramadol 150mg modified-release capsules,35920511000001109,VMP,040702040AAAIAI
35920611000001108,Tramadol 150mg modified-release tablets,35920611000001108,VMP,040702040AAADAD
35920711000001104,Tramadol 200mg modified-release capsules,35920711000001104,VMP,040702040AAAJAJ
35920811000001107,Tramadol 200mg modified-release tablets,35920811000001107,VMP,040702040AAAEAE
35920911000001102,Tramadol 300mg modified-release tablets,35920911000001102,VMP,040702040AAAMAM
35921011000001105,Tramadol 400mg modified-release tablets,35921011000001105,VMP,040702040AAANAN
35921211000001100,Tramadol 75mg modified-release tablets,35921211000001100,VMP,040702040AAAPAP
35940111000001103,Tramadol 50mg modified-release capsules,35940111000001103,VMP,040702040AAAGAG
36057411000001103,Hydromorphone 2mg modified-release capsules,36057411000001103,VMP,040702050AAAFAF
36057611000001100,Hydromorphone 4mg modified-release capsules,36057611000001100,VMP,040702050AAAGAG
36057711000001109,Hydromorphone 8mg modified-release capsules,36057711000001109,VMP,040702050AAACAC
36120011000001101,Fentanyl 25micrograms/hour transdermal patches,36120011000001101,VMP,0407020A0AAAEAE
36126411000001107,Morphine 10mg modified-release capsules,36126411000001107,VMP,0407020Q0AAEFEF
36126511000001106,Morphine 10mg modified-release tablets,36126511000001106,VMP,0407020Q0AAAKAK
36126811000001109,Morphine 15mg modified-release tablets,36126811000001109,VMP,0407020Q0AACFCF
36127111000001104,Morphine 20mg modified-release capsules,36127111000001104,VMP,0407020Q0AADZDZ
36127211000001105,Morphine 30mg modified-release capsules,36127211000001105,VMP,0407020Q0AAEGEG
36127311000001102,Morphine 30mg modified-release tablets,36127311000001102,VMP,0407020Q0AAALAL
36127411000001109,Morphine 50mg modified-release capsules,36127411000001109,VMP,0407020Q0AAEAEA
36127511000001108,Morphine 5mg modified-release tablets,36127511000001108,VMP,0407020Q0AACGCG
36127611000001107,Morphine 60mg modified-release capsules,36127611000001107,VMP,0407020Q0AAEHEH
36127811000001106,Morphine 90mg modified-release capsules,36127811000001106,VMP,0407020Q0AADUDU
36129511000001101,Oxycodone 10mg modified-release tablets,36129511000001101,VMP,0407020ADAAAFAF
36130211000001108,Oxycodone 15mg modified-release tablets,36130211000001108,VMP,0407020ADAAASAS
36130411000001107,Oxycodone 20mg modified-release tablets,36130411000001107,VMP,0407020ADAAAGAG
36130711000001101,Oxycodone 30mg modified-release tablets,36130711000001101,VMP,0407020ADAAARAR
36130911000001104,Oxycodone 40mg modified-release tablets,36130911000001104,VMP,0407020ADAAAHAH
36131011000001107,Oxycodone 5mg modified-release tablets,36131011000001107,VMP,0407020ADAAAKAK
362111000001102,Zydol SR 150mg tablets,362111000001102,AMP,040702040BBADAD
3651611000001107,Zomorph 30mg modified-release capsules,3651611000001107,AMP,0407020Q0BKABEG
3651811000001106,MXL 30mg capsules,3651811000001106,AMP,0407020Q0BIAAEG
3652111000001109,Zomorph 10mg modified-release capsules,3652111000001109,AMP,0407020Q0BKAAEF
37353811000001107,Durogesic DTrans 12micrograms/hour transdermal patches,37353811000001107,AMP,
37354111000001103,Durogesic DTrans 25micrograms/hour transdermal patches,37354111000001103,AMP,
37354411000001108,BuTrans 20micrograms/hour transdermal patches,37354411000001108,AMP,
37374811000001107,Transtec 35micrograms/hour transdermal patches,37374811000001107,AMP,
37376811000001100,Zamadol SR 50mg capsules,37376811000001100,AMP,
37377111000001105,Zamadol SR 100mg capsules,37377111000001105,AMP,
37378211000001100,Zamadol SR 150mg capsules,37378211000001100,AMP,
37378711000001107,Zamadol SR 200mg capsules,37378711000001107,AMP,
37384411000001103,Matrifen 12micrograms/hour transdermal patches,37384411000001103,AMP,
37385211000001101,Matrifen 25micrograms/hour transdermal patches,37385211000001101,AMP,
37389611000001101,Targinact 5mg/2.5mg modified-release tablets,37389611000001101,AMP,
37390111000001103,Targinact 10mg/5mg modified-release tablets,37390111000001103,AMP,
37390411000001108,Targinact 20mg/10mg modified-release tablets,37390411000001108,AMP,
37421211000001102,Reltebon 40mg modified-release tablets,37421211000001102,AMP,
37421411000001103,Reltebon 10mg modified-release tablets,37421411000001103,AMP,
37421611000001100,Reltebon 20mg modified-release tablets,37421611000001100,AMP,
37551511000001108,OxyContin 30mg modified-release tablets,37551511000001108,AMP,
37632311000001101,Durogesic DTrans 12micrograms/hour transdermal patches,37632311000001101,AMP,
37632611000001106,Durogesic DTrans 25micrograms/hour transdermal patches,37632611000001106,AMP,
37674211000001102,Matrifen 12micrograms/hour transdermal patches,37674211000001102,AMP,
37674611000001100,Matrifen 25micrograms/hour transdermal patches,37674611000001100,AMP,
37704311000001105,Targinact 10mg/5mg modified-release tablets,37704311000001105,AMP,
37704511000001104,Targinact 20mg/10mg modified-release tablets,37704511000001104,AMP,
37704911000001106,Targinact 5mg/2.5mg modified-release tablets,37704911000001106,AMP,
3778011000001102,Zomorph 60mg modified-release capsules,3778011000001102,AMP,0407020Q0BKACEH
3778211000001107,MXL 60mg capsules,3778211000001107,AMP,0407020Q0BIABEH
37972611000001107,Opiodur 12micrograms/hour transdermal patches,37972611000001107,AMP,0407020A0BRAKAU
37973911000001108,Opiodur 25micrograms/hour transdermal patches,37973911000001108,AMP,0407020A0BRALAE
38100411000001108,MST Continus 30mg tablets,38100411000001108,AMP,
38124011000001103,BuTrans 10micrograms/hour transdermal patches,38124011000001103,AMP,
38124211000001108,BuTrans 15micrograms/hour transdermal patches,38124211000001108,AMP,
38152311000001106,MST Continus 10mg tablets,38152311000001106,AMP,
38152511000001100,MST Continus 30mg tablets,38152511000001100,AMP,
38158211000001101,OxyContin 15mg modified-release tablets,38158211000001101,AMP,
38158411000001102,OxyContin 30mg modified-release tablets,38158411000001102,AMP,
38168311000001100,Targinact 5mg/2.5mg modified-release tablets,38168311000001100,AMP,
38168711000001101,Targinact 10mg/5mg modified-release tablets,38168711000001101,AMP,
38168911000001104,Targinact 20mg/10mg modified-release tablets,38168911000001104,AMP,
3838511000001105,Palladone SR 4mg capsules,3838511000001105,AMP,040702050BBADAG
38419711000001105,Myloxifin 10mg/5mg modified-release tablets,38419711000001105,AMP,0407020AFBCAAAA
38419911000001107,Myloxifin 20mg/10mg modified-release tablets,38419911000001107,AMP,0407020AFBCABAB
38420111000001105,Myloxifin 5mg/2.5mg modified-release tablets,38420111000001105,AMP,0407020AFBCADAC
3869411000001108,Palladone SR 2mg capsules,3869411000001108,AMP,040702050BBACAF
3870411000001105,Palladone SR 8mg capsules,3870411000001105,AMP,040702050BBAEAC
38728711000001102,Rebrikel 5micrograms/hour transdermal patches,38728711000001102,AMP,0407020B0BVAAAH
38745611000001103,Rebrikel 10micrograms/hour transdermal patches,38745611000001103,AMP,0407020B0BVABAI
38746011000001101,Rebrikel 20micrograms/hour transdermal patches,38746011000001101,AMP,0407020B0BVACAJ
38801811000001106,Oxyargin 10mg/5mg modified-release tablets,38801811000001106,AMP,0407020AFBDABAA
38802411000001104,Oxyargin 20mg/10mg modified-release tablets,38802411000001104,AMP,0407020AFBDACAB
38803111000001103,Oxyargin 5mg/2.5mg modified-release tablets,38803111000001103,AMP,0407020AFBDAAAC
38811311000001100,Brimisol PR 200mg tablets,38811311000001100,AMP,040702040BWABAE
3881711000001103,Morcap SR 20mg capsules,3881711000001103,AMP,0407020Q0BJAADZ
3882611000001101,MXL 90mg capsules,3882611000001101,AMP,0407020Q0BIACDU
38910911000001104,Sevodyne 15micrograms/hour transdermal patches,38910911000001104,AMP,0407020B0BMADAK
38911111000001108,Mezolar Matrix 12micrograms/hour transdermal patches,38911111000001108,AMP,
38911311000001105,Mezolar Matrix 25micrograms/hour transdermal patches,38911311000001105,AMP,
39112411000001109,Dihydrocodeine 60mg modified-release tablets,39112411000001109,VMP,0407020G0AAADAD
39112511000001108,Dihydrocodeine 90mg modified-release tablets,39112511000001108,VMP,0407020G0AAAEAE
39112611000001107,Dihydrocodeine 120mg modified-release tablets,39112611000001107,VMP,0407020G0AAAFAF
39407011000001100,Longtec 30mg modified-release tablets,39407011000001100,AMP,
39407211000001105,Longtec 40mg modified-release tablets,39407211000001105,AMP,
39584211000001105,Ationdo SR 25mg tablets,39584211000001105,AMP,0407020AGBCAAAI
39584511000001108,Ationdo SR 50mg tablets,39584511000001108,AMP,0407020AGBCABAC
39584711000001103,Ationdo SR 100mg tablets,39584711000001103,AMP,0407020AGBCACAD
39819711000001100,Tapentadol 25mg modified-release tablets,39819711000001100,VMP,0407020AGAAAIAI
39858211000001105,Longtec 20mg modified-release tablets,39858211000001105,AMP,
39858411000001109,Longtec 10mg modified-release tablets,39858411000001109,AMP,
39968211000001108,Zydol SR 200mg tablets,39968211000001108,AMP,
39969111000001109,Longtec 40mg modified-release tablets,39969111000001109,AMP,
40123111000001100,Longtec 5mg modified-release tablets,40123111000001100,AMP,
40123511000001109,MST Continus 10mg tablets,40123511000001109,AMP,
4035011000001109,Morcap SR 50mg capsules,4035011000001109,AMP,0407020Q0BJABEA
40460811000001106,Longtec 10mg modified-release tablets,40460811000001106,AMP,
40461011000001109,Longtec 15mg modified-release tablets,40461011000001109,AMP,
40461211000001104,Longtec 20mg modified-release tablets,40461211000001104,AMP,
40461411000001100,Longtec 30mg modified-release tablets,40461411000001100,AMP,
40461711000001106,Longtec 40mg modified-release tablets,40461711000001106,AMP,
40461911000001108,Longtec 5mg modified-release tablets,40461911000001108,AMP,
40589011000001102,Tramadol 50mg modified-release capsules,40589011000001102,AMP,040702040AAAGAG
40589411000001106,Tramadol 100mg modified-release capsules,40589411000001106,AMP,040702040AAAHAH
40589611000001109,Tramadol 150mg modified-release capsules,40589611000001109,AMP,040702040AAAIAI
40589811000001108,Tramadol 200mg modified-release capsules,40589811000001108,AMP,040702040AAAJAJ
4074911000001106,OxyContin 5mg modified-release tablets,4074911000001106,AMP,0407020ADBCAEAK
424611000001103,Dromadol SR 75mg tablets,424611000001103,AMP,040702040BEAAAP
4379311000001107,MST Continus suspension 20mg granules sachets,4379311000001107,AMP,0407020Q0BBAFCV
4380011000001109,MST Continus suspension 30mg granules sachets,4380011000001109,AMP,0407020Q0BBAGCP
4389411000001105,Morphine 20mg modified-release granules sachets sugar free,4389411000001105,VMP,0407020Q0AACVCV
4389511000001109,Morphine 30mg modified-release granules sachets sugar free,4389511000001109,VMP,0407020Q0AACPCP
4525911000001109,Morphgesic SR 10mg tablets,4525911000001109,AMP,0407020Q0BNAAAK
4526311000001103,Rhotard Morphine SR 10mg tablets,4526311000001103,AMP,0407020Q0BPAAAK
4526811000001107,Morphgesic SR 30mg tablets,4526811000001107,AMP,0407020Q0BNABAL
4527011000001103,Rhotard Morphine SR 30mg tablets,4527011000001103,AMP,0407020Q0BPABAL
461411000001108,Zydol XL 400mg tablets,461411000001108,AMP,040702040BBAJAN
5431911000001107,Zydol SR 100mg tablets,5431911000001107,AMP,
5432311000001102,Zydol SR 150mg tablets,5432311000001102,AMP,
5432511000001108,Zydol SR 200mg tablets,5432511000001108,AMP,
5604711000001102,Zydol SR 100mg tablets,5604711000001102,AMP,
5606711000001106,Zydol SR 150mg tablets,5606711000001106,AMP,
5607211000001102,Zydol SR 200mg tablets,5607211000001102,AMP,
711511000001103,Zamadol SR 150mg capsules,711511000001103,AMP,040702040BDADAI
805511000001101,Dromadol XL 400mg tablets,805511000001101,AMP,040702040BEAHAN
847811000001101,Dromadol XL 150mg tablets,847811000001101,AMP,040702040BEAEAD
9089711000001102,Durogesic DTrans 25micrograms/hour transdermal patches,9089711000001102,AMP,0407020A0BBAIAE
9100811000001106,Larapam SR 100mg tablets,9100811000001106,AMP,040702040BGAAAC
9101011000001109,Larapam SR 150mg tablets,9101011000001109,AMP,040702040BGABAD
9101211000001104,Larapam SR 200mg tablets,9101211000001104,AMP,040702040BGACAE
919611000001108,Dromadol SR 150mg tablets,919611000001108,AMP,040702040BEACAD
922411000001105,MST Continus 5mg tablets,922411000001105,AMP,0407020Q0BBAKCG
9243611000001108,Tramadol 100mg modified-release tablets,9243611000001108,AMP,
9243911000001102,Tramadol 150mg modified-release tablets,9243911000001102,AMP,
9244111000001103,Tramadol 200mg modified-release tablets,9244111000001103,AMP,
929211000001103,Zydol XL 300mg tablets,929211000001103,AMP,040702040BBAIAM
9411000001102,Zamadol SR 200mg capsules,9411000001102,AMP,040702040BDAEAJ
9508011000001106,Tilofyl 25micrograms/hour transdermal patches,9508011000001106,AMP,0407020A0BDAAAE
9532211000001106,Zamadol 24hr 150mg modified-release tablets,9532211000001106,AMP,040702040BDAHAD
9532611000001108,Zamadol 24hr 200mg modified-release tablets,9532611000001108,AMP,040702040BDAIAE
9532911000001102,Zamadol 24hr 300mg modified-release tablets,9532911000001102,AMP,040702040BDAJAM
9533211000001100,Zamadol 24hr 400mg modified-release tablets,9533211000001100,AMP,040702040BDAKAN
9565311000001104,BuTrans 5micrograms/hour transdermal patches,9565311000001104,AMP,0407020B0BEAAAH
9565611000001109,BuTrans 10micrograms/hour transdermal patches,9565611000001109,AMP,0407020B0BEABAI
9565911000001103,BuTrans 20micrograms/hour transdermal patches,9565911000001103,AMP,0407020B0BEACAJ
9567211000001104,Buprenorphine 5micrograms/hour transdermal patches,9567211000001104,VMP,0407020B0AAAHAH
9567311000001107,Buprenorphine 20micrograms/hour transdermal patches,9567311000001107,VMP,0407020B0AAAJAJ
9567411000001100,Buprenorphine 10micrograms/hour transdermal patches,9567411000001100,VMP,0407020B0AAAIAI
9708511000001102,Fentanyl 25micrograms/hour transdermal patches,9708511000001102,AMP,
9751111000001108,Durogesic DTrans 12micrograms/hour transdermal patches,9751111000001108,AMP,0407020A0BBAMAU
9752311000001101,Fentanyl 12micrograms/hour transdermal patches,9752311000001101,VMP,0407020A0AAAUAU
322546007,VMP previous to 39112411000001109,322546007,VMP,0407020G0AAADAD
322550000,VMP previous to 39112511000001108,322550000,VMP,0407020G0AAAEAE
322551001,VMP previous to 39112611000001107,322551001,VMP,0407020G0AAAFAF
322626008,VMP previous to 35920311000001103,322626008,VMP,040702040AAACAC
322627004,VMP previous to 35920611000001108,322627004,VMP,040702040AAADAD
322628009,VMP previous to 35920811000001107,322628009,VMP,040702040AAAEAE
322636000,VMP previous to 35940111000001103,322636000,VMP,040702040AAAGAG
322637009,VMP previous to 35920211000001106,322637009,VMP,040702040AAAHAH
322638004,VMP previous to 35920511000001109,322638004,VMP,040702040AAAIAI
322639007,VMP previous to 35920711000001104,322639007,VMP,040702040AAAJAJ
322662009,VMP previous to 35921211000001100,322662009,VMP,040702040AAAPAP
322663004,VMP previous to 35920911000001102,322663004,VMP,040702040AAAMAM
322664005,VMP previous to 35921011000001105,322664005,VMP,040702040AAANAN
322669000,VMP previous to 36057411000001103,322669000,VMP,040702050AAAFAF
322670004,VMP previous to 36057611000001100,322670004,VMP,040702050AAAGAG
322671000,VMP previous to 36057711000001109,322671000,VMP,040702050AAACAC
322694004,VMP previous to 36129511000001101,322694004,VMP,0407020ADAAAFAF
322695003,VMP previous to 36130411000001107,322695003,VMP,0407020ADAAAGAG
322696002,VMP previous to 36130911000001104,322696002,VMP,0407020ADAAAHAH
322710001,VMP previous to 36127511000001108,322710001,VMP,0407020Q0AACGCG
322711002,VMP previous to 36126511000001106,322711002,VMP,0407020Q0AAAKAK
322712009,VMP previous to 36126811000001109,322712009,VMP,0407020Q0AACFCF
322713004,VMP previous to 36127311000001102,322713004,VMP,0407020Q0AAALAL
322720006,VMP previous to 36126411000001107,322720006,VMP,0407020Q0AAEFEF
322721005,VMP previous to 36127211000001105,322721005,VMP,0407020Q0AAEGEG
322722003,VMP previous to 36127611000001107,322722003,VMP,0407020Q0AAEHEH
322730002,VMP previous to 36127811000001106,322730002,VMP,0407020Q0AADUDU
322741000,VMP previous to 36127111000001104,322741000,VMP,0407020Q0AADZDZ
322742007,VMP previous to 36127411000001109,322742007,VMP,0407020Q0AAEAEA
333919005,VMP previous to 36120011000001101,333919005,VMP,0407020A0AAAEAE
407895000,VMP previous to 35913711000001103,407895000,VMP,0407020B0AAAEAE
407919006,VMP previous to 36131011000001107,407919006,VMP,0407020ADAAAKAK
444885002,VMP previous to 36130711000001101,444885002,VMP,0407020ADAAARAR
444958008,VMP previous to 36130211000001108,444958008,VMP,0407020ADAAASAS
