measure,interval_start,interval_end,ratio,numerator,denominator,num_weeks
count_wait,2000-01-01,2000-01-07,0.299876084,242,807,71
count_wait,2000-01-01,2000-01-07,0.330558859,278,841,84
count_wait,2000-01-01,2000-01-07,0.397316821,385,969,249
count_wait,2000-01-01,2000-01-07,0.265921788,238,895,53
count_wait,2000-01-01,2000-01-07,0.274271845,226,824,216
count_wait,2000-01-01,2000-01-07,0.257113821,253,984,56
count_wait,2000-01-01,2000-01-07,0.30052356,287,955,183
count_wait,2000-01-01,2000-01-07,0.355967078,346,972,145
count_wait,2000-01-01,2000-01-07,0.279635258,276,987,57
count_wait,2000-01-01,2000-01-07,0.354322305,332,937,108
count_wait,2000-01-01,2000-01-07,0.279742765,261,933,72
count_wait,2000-01-01,2000-01-07,0.301355579,289,959,117
count_wait,2000-01-01,2000-01-07,0.273781903,236,862,262
count_wait,2000-01-01,2000-01-07,0.25253664,224,887,68
count_wait,2000-01-01,2000-01-07,0.323399558,293,906,73
count_wait,2000-01-01,2000-01-07,0.212273642,211,994,97
count_wait,2000-01-08,2000-01-14,0.251282051,245,975,71
count_wait,2000-01-08,2000-01-14,0.281176471,239,850,84
count_wait,2000-01-08,2000-01-14,0.445578231,393,882,249
count_wait,2000-01-08,2000-01-14,0.233796296,202,864,53
count_wait,2000-01-08,2000-01-14,0.370122631,332,897,216
count_wait,2000-01-08,2000-01-14,0.350935094,319,909,56
count_wait,2000-01-08,2000-01-14,0.236895161,235,992,183
count_wait,2000-01-08,2000-01-14,0.276939655,257,928,145
count_wait,2000-01-08,2000-01-14,0.265586035,213,802,57
count_wait,2000-01-08,2000-01-14,0.246138002,239,971,108
count_wait,2000-01-08,2000-01-14,0.351160444,348,991,72
count_wait,2000-01-08,2000-01-14,0.237358101,230,969,117
count_wait,2000-01-08,2000-01-14,0.246260069,214,869,262
count_wait,2000-01-08,2000-01-14,0.432402235,387,895,68
count_wait,2000-01-08,2000-01-14,0.211180124,204,966,73
count_wait,2000-01-08,2000-01-14,0.261003071,255,977,97
count_wait,2000-01-15,2000-01-21,0.367323291,317,863,71
count_wait,2000-01-15,2000-01-21,0.347724621,298,857,84
count_wait,2000-01-15,2000-01-21,0.393404005,334,849,249
count_wait,2000-01-15,2000-01-21,0.303677343,256,843,53
count_wait,2000-01-15,2000-01-21,0.338709677,294,868,216
count_wait,2000-01-15,2000-01-21,0.310794781,262,843,56
count_wait,2000-01-15,2000-01-21,0.244493392,222,908,183
count_wait,2000-01-15,2000-01-21,0.311440678,294,944,145
count_wait,2000-01-15,2000-01-21,0.49,392,800,57
count_wait,2000-01-15,2000-01-21,0.338541667,325,960,108
count_wait,2000-01-15,2000-01-21,0.4275,342,800,72
count_wait,2000-01-15,2000-01-21,0.403951701,368,911,117
count_wait,2000-01-15,2000-01-21,0.243070362,228,938,262
count_wait,2000-01-15,2000-01-21,0.407834101,354,868,68
count_wait,2000-01-15,2000-01-21,0.449519231,374,832,73
count_wait,2000-01-15,2000-01-21,0.242937853,215,885,97
count_wait,2000-01-22,2000-01-28,0.338983051,300,885,71
count_wait,2000-01-22,2000-01-28,0.279342723,238,852,84
count_wait,2000-01-22,2000-01-28,0.403076923,393,975,249
count_wait,2000-01-22,2000-01-28,0.308602151,287,930,53
count_wait,2000-01-22,2000-01-28,0.325534079,320,983,216
count_wait,2000-01-22,2000-01-28,0.26,247,950,56
count_wait,2000-01-22,2000-01-28,0.247058824,210,850,183
count_wait,2000-01-22,2000-01-28,0.307958478,267,867,145
count_wait,2000-01-22,2000-01-28,0.293274531,266,907,57
count_wait,2000-01-22,2000-01-28,0.472154964,390,826,108
count_wait,2000-01-22,2000-01-28,0.314225053,296,942,72
count_wait,2000-01-22,2000-01-28,0.278427205,262,941,117
count_wait,2000-01-22,2000-01-28,0.313368984,293,935,262
count_wait,2000-01-22,2000-01-28,0.352450469,338,959,68
count_wait,2000-01-22,2000-01-28,0.38757764,312,805,73
count_wait,2000-01-22,2000-01-28,0.218162839,209,958,97
count_wait,2000-01-29,2000-02-04,0.395348837,340,860,71
count_wait,2000-01-29,2000-02-04,0.278037383,238,856,84
count_wait,2000-01-29,2000-02-04,0.3125,265,848,249
count_wait,2000-01-29,2000-02-04,0.26793722,239,892,53
count_wait,2000-01-29,2000-02-04,0.42192691,381,903,216
count_wait,2000-01-29,2000-02-04,0.251670379,226,898,56
count_wait,2000-01-29,2000-02-04,0.331161781,305,921,183
count_wait,2000-01-29,2000-02-04,0.281690141,240,852,145
count_wait,2000-01-29,2000-02-04,0.475961538,396,832,57
count_wait,2000-01-29,2000-02-04,0.414831981,358,863,108
count_wait,2000-01-29,2000-02-04,0.37470726,320,854,72
count_wait,2000-01-29,2000-02-04,0.37286203,327,877,117
count_wait,2000-01-29,2000-02-04,0.471023428,382,811,262
count_wait,2000-01-29,2000-02-04,0.38643371,376,973,68
count_wait,2000-01-29,2000-02-04,0.325892857,292,896,73
count_wait,2000-01-29,2000-02-04,0.389304813,364,935,97
count_wait,2000-02-05,2000-02-11,0.245206862,243,991,71
count_wait,2000-02-05,2000-02-11,0.416374269,356,855,84
count_wait,2000-02-05,2000-02-11,0.242299795,236,974,249
count_wait,2000-02-05,2000-02-11,0.250803859,234,933,53
count_wait,2000-02-05,2000-02-11,0.376518219,372,988,216
count_wait,2000-02-05,2000-02-11,0.270239453,237,877,56
count_wait,2000-02-05,2000-02-11,0.278825996,266,954,183
count_wait,2000-02-05,2000-02-11,0.445,356,800,145
count_wait,2000-02-05,2000-02-11,0.386869871,330,853,57
count_wait,2000-02-05,2000-02-11,0.36547619,307,840,108
count_wait,2000-02-05,2000-02-11,0.309257375,304,983,72
count_wait,2000-02-05,2000-02-11,0.44568869,398,893,117
count_wait,2000-02-05,2000-02-11,0.280720339,265,944,262
count_wait,2000-02-05,2000-02-11,0.41571754,365,878,68
count_wait,2000-02-05,2000-02-11,0.38625,309,800,73
count_wait,2000-02-05,2000-02-11,0.302166477,265,877,97
count_wait,2000-02-12,2000-02-18,0.398026316,363,912,71
count_wait,2000-02-12,2000-02-18,0.410824108,334,813,84
count_wait,2000-02-12,2000-02-18,0.303983229,290,954,249
count_wait,2000-02-12,2000-02-18,0.259898477,256,985,53
count_wait,2000-02-12,2000-02-18,0.447585395,380,849,216
count_wait,2000-02-12,2000-02-18,0.401700319,378,941,56
count_wait,2000-02-12,2000-02-18,0.40437788,351,868,183
count_wait,2000-02-12,2000-02-18,0.301652893,292,968,145
count_wait,2000-02-12,2000-02-18,0.326484018,286,876,57
count_wait,2000-02-12,2000-02-18,0.351890756,335,952,108
count_wait,2000-02-12,2000-02-18,0.367827869,359,976,72
count_wait,2000-02-12,2000-02-18,0.45017585,384,853,117
count_wait,2000-02-12,2000-02-18,0.396805897,323,814,262
count_wait,2000-02-12,2000-02-18,0.410617551,379,923,68
count_wait,2000-02-12,2000-02-18,0.297945205,261,876,73
count_wait,2000-02-12,2000-02-18,0.37716263,327,867,97
count_wait,2000-02-19,2000-02-25,0.362537764,360,993,71
count_wait,2000-02-19,2000-02-25,0.209927611,203,967,84
count_wait,2000-02-19,2000-02-25,0.457627119,378,826,249
count_wait,2000-02-19,2000-02-25,0.40023753,337,842,53
count_wait,2000-02-19,2000-02-25,0.265711136,241,907,216
count_wait,2000-02-19,2000-02-25,0.406382979,382,940,56
count_wait,2000-02-19,2000-02-25,0.277708593,223,803,183
count_wait,2000-02-19,2000-02-25,0.2209889,219,991,145
count_wait,2000-02-19,2000-02-25,0.374689826,302,806,57
count_wait,2000-02-19,2000-02-25,0.455075846,390,857,108
count_wait,2000-02-19,2000-02-25,0.378926039,374,987,72
count_wait,2000-02-19,2000-02-25,0.372619048,313,840,117
count_wait,2000-02-19,2000-02-25,0.2597254,227,874,262
count_wait,2000-02-19,2000-02-25,0.491293532,395,804,68
count_wait,2000-02-19,2000-02-25,0.382598331,321,839,73
count_wait,2000-02-19,2000-02-25,0.404530744,375,927,97
count_wait,2000-02-26,2000-03-03,0.26417004,261,988,71
count_wait,2000-02-26,2000-03-03,0.411556604,349,848,84
count_wait,2000-02-26,2000-03-03,0.335233751,294,877,249
count_wait,2000-02-26,2000-03-03,0.279445727,242,866,53
count_wait,2000-02-26,2000-03-03,0.469964664,399,849,216
count_wait,2000-02-26,2000-03-03,0.369179601,333,902,56
count_wait,2000-02-26,2000-03-03,0.315306122,309,980,183
count_wait,2000-02-26,2000-03-03,0.29391504,256,871,145
count_wait,2000-02-26,2000-03-03,0.451306413,380,842,57
count_wait,2000-02-26,2000-03-03,0.487684729,396,812,108
count_wait,2000-02-26,2000-03-03,0.372901679,311,834,72
count_wait,2000-02-26,2000-03-03,0.263157895,255,969,117
count_wait,2000-02-26,2000-03-03,0.221609702,201,907,262
count_wait,2000-02-26,2000-03-03,0.27442371,250,911,68
count_wait,2000-02-26,2000-03-03,0.440094899,371,843,73
count_wait,2000-02-26,2000-03-03,0.356913183,333,933,97
count_wait,2000-03-04,2000-03-10,0.326460481,285,873,71
count_wait,2000-03-04,2000-03-10,0.31686747,263,830,84
count_wait,2000-03-04,2000-03-10,0.309662398,266,859,249
count_wait,2000-03-04,2000-03-10,0.381930185,372,974,53
count_wait,2000-03-04,2000-03-10,0.204708291,200,977,216
count_wait,2000-03-04,2000-03-10,0.293929712,276,939,56
count_wait,2000-03-04,2000-03-10,0.247120419,236,955,183
count_wait,2000-03-04,2000-03-10,0.437810945,352,804,145
count_wait,2000-03-04,2000-03-10,0.422008547,395,936,57
count_wait,2000-03-04,2000-03-10,0.334391534,316,945,108
count_wait,2000-03-04,2000-03-10,0.330120482,274,830,72
count_wait,2000-03-04,2000-03-10,0.364197531,295,810,117
count_wait,2000-03-04,2000-03-10,0.358739837,353,984,262
count_wait,2000-03-04,2000-03-10,0.279775281,249,890,68
count_wait,2000-03-04,2000-03-10,0.364118896,343,942,73
count_wait,2000-03-04,2000-03-10,0.276236429,229,829,97
count_wait,2000-03-11,2000-03-17,0.261520737,227,868,71
count_wait,2000-03-11,2000-03-17,0.253424658,222,876,84
count_wait,2000-03-11,2000-03-17,0.361047836,317,878,249
count_wait,2000-03-11,2000-03-17,0.229145729,228,995,53
count_wait,2000-03-11,2000-03-17,0.46625,373,800,216
count_wait,2000-03-11,2000-03-17,0.273006135,267,978,56
count_wait,2000-03-11,2000-03-17,0.240601504,224,931,183
count_wait,2000-03-11,2000-03-17,0.301715439,299,991,145
count_wait,2000-03-11,2000-03-17,0.385858586,382,990,57
count_wait,2000-03-11,2000-03-17,0.48458693,393,811,108
count_wait,2000-03-11,2000-03-17,0.34611172,316,913,72
count_wait,2000-03-11,2000-03-17,0.250847458,222,885,117
count_wait,2000-03-11,2000-03-17,0.278952669,277,993,262
count_wait,2000-03-11,2000-03-17,0.366705471,315,859,68
count_wait,2000-03-11,2000-03-17,0.380794702,345,906,73
count_wait,2000-03-11,2000-03-17,0.421166307,390,926,97
count_wait,2000-03-18,2000-03-24,0.378545006,307,811,71
count_wait,2000-03-18,2000-03-24,0.361353712,331,916,84
count_wait,2000-03-18,2000-03-24,0.300110742,271,903,249
count_wait,2000-03-18,2000-03-24,0.431712963,373,864,53
count_wait,2000-03-18,2000-03-24,0.281967213,258,915,216
count_wait,2000-03-18,2000-03-24,0.322033898,266,826,56
count_wait,2000-03-18,2000-03-24,0.337539432,321,951,183
count_wait,2000-03-18,2000-03-24,0.444043321,369,831,145
count_wait,2000-03-18,2000-03-24,0.289044289,248,858,57
count_wait,2000-03-18,2000-03-24,0.2342918,220,939,108
count_wait,2000-03-18,2000-03-24,0.363256785,348,958,72
count_wait,2000-03-18,2000-03-24,0.309405941,250,808,117
count_wait,2000-03-18,2000-03-24,0.274817137,263,957,262
count_wait,2000-03-18,2000-03-24,0.362318841,350,966,68
count_wait,2000-03-18,2000-03-24,0.244491081,233,953,73
count_wait,2000-03-18,2000-03-24,0.373271889,324,868,97
count_wait,2000-03-25,2000-03-31,0.236725664,214,904,71
count_wait,2000-03-25,2000-03-31,0.344155844,318,924,84
count_wait,2000-03-25,2000-03-31,0.287,287,1000,249
count_wait,2000-03-25,2000-03-31,0.395474138,367,928,53
count_wait,2000-03-25,2000-03-31,0.232484076,219,942,216
count_wait,2000-03-25,2000-03-31,0.352214212,342,971,56
count_wait,2000-03-25,2000-03-31,0.283687943,280,987,183
count_wait,2000-03-25,2000-03-31,0.317283951,257,810,145
count_wait,2000-03-25,2000-03-31,0.462829736,386,834,57
count_wait,2000-03-25,2000-03-31,0.29061554,288,991,108
count_wait,2000-03-25,2000-03-31,0.385,308,800,72
count_wait,2000-03-25,2000-03-31,0.331868132,302,910,117
count_wait,2000-03-25,2000-03-31,0.405498282,354,873,262
count_wait,2000-03-25,2000-03-31,0.217391304,205,943,68
count_wait,2000-03-25,2000-03-31,0.397553517,390,981,73
count_wait,2000-03-25,2000-03-31,0.421892816,370,877,97
count_wait,2000-04-01,2000-04-07,0.361653272,315,871,71
count_wait,2000-04-01,2000-04-07,0.320525784,317,989,84
count_wait,2000-04-01,2000-04-07,0.37993921,375,987,249
count_wait,2000-04-01,2000-04-07,0.422863485,381,901,53
count_wait,2000-04-01,2000-04-07,0.311320755,297,954,216
count_wait,2000-04-01,2000-04-07,0.31197479,297,952,56
count_wait,2000-04-01,2000-04-07,0.273709484,228,833,183
count_wait,2000-04-01,2000-04-07,0.240924092,219,909,145
count_wait,2000-04-01,2000-04-07,0.270574972,240,887,57
count_wait,2000-04-01,2000-04-07,0.222591362,201,903,108
count_wait,2000-04-01,2000-04-07,0.247854077,231,932,72
count_wait,2000-04-01,2000-04-07,0.406629834,368,905,117
count_wait,2000-04-01,2000-04-07,0.213541667,205,960,262
count_wait,2000-04-01,2000-04-07,0.305521472,249,815,68
count_wait,2000-04-01,2000-04-07,0.246928747,201,814,73
count_wait,2000-04-01,2000-04-07,0.301639344,276,915,97
count_wait,2000-04-08,2000-04-14,0.323494687,274,847,71
count_wait,2000-04-08,2000-04-14,0.377613776,307,813,84
count_wait,2000-04-08,2000-04-14,0.364016736,348,956,249
count_wait,2000-04-08,2000-04-14,0.283185841,256,904,53
count_wait,2000-04-08,2000-04-14,0.228180862,217,951,216
count_wait,2000-04-08,2000-04-14,0.425,340,800,56
count_wait,2000-04-08,2000-04-14,0.283216783,243,858,183
count_wait,2000-04-08,2000-04-14,0.297820823,246,826,145
count_wait,2000-04-08,2000-04-14,0.25,244,976,57
count_wait,2000-04-08,2000-04-14,0.354077253,330,932,108
count_wait,2000-04-08,2000-04-14,0.346192893,341,985,72
count_wait,2000-04-08,2000-04-14,0.31019979,295,951,117
count_wait,2000-04-08,2000-04-14,0.393975904,327,830,262
count_wait,2000-04-08,2000-04-14,0.354618016,311,877,68
count_wait,2000-04-08,2000-04-14,0.30548926,256,838,73
count_wait,2000-04-08,2000-04-14,0.399762752,337,843,97
count_wait,2000-04-15,2000-04-21,0.325084364,289,889,71
count_wait,2000-04-15,2000-04-21,0.29049676,269,926,84
count_wait,2000-04-15,2000-04-21,0.320689655,279,870,249
count_wait,2000-04-15,2000-04-21,0.311251314,296,951,53
count_wait,2000-04-15,2000-04-21,0.276013143,252,913,216
count_wait,2000-04-15,2000-04-21,0.365079365,322,882,56
count_wait,2000-04-15,2000-04-21,0.291375291,250,858,183
count_wait,2000-04-15,2000-04-21,0.364130435,335,920,145
count_wait,2000-04-15,2000-04-21,0.255717256,246,962,57
count_wait,2000-04-15,2000-04-21,0.256216216,237,925,108
count_wait,2000-04-15,2000-04-21,0.331932773,316,952,72
count_wait,2000-04-15,2000-04-21,0.464922711,391,841,117
count_wait,2000-04-15,2000-04-21,0.268689057,248,923,262
count_wait,2000-04-15,2000-04-21,0.341685649,300,878,68
count_wait,2000-04-15,2000-04-21,0.238095238,225,945,73
count_wait,2000-04-15,2000-04-21,0.295238095,279,945,97
count_wait,2000-04-22,2000-04-28,0.420711974,390,927,71
count_wait,2000-04-22,2000-04-28,0.337044534,333,988,84
count_wait,2000-04-22,2000-04-28,0.271794872,265,975,249
count_wait,2000-04-22,2000-04-28,0.312072893,274,878,53
count_wait,2000-04-22,2000-04-28,0.242822967,203,836,216
count_wait,2000-04-22,2000-04-28,0.299765808,256,854,56
count_wait,2000-04-22,2000-04-28,0.262975779,228,867,183
count_wait,2000-04-22,2000-04-28,0.29092805,279,959,145
count_wait,2000-04-22,2000-04-28,0.367015099,316,861,57
count_wait,2000-04-22,2000-04-28,0.436205016,400,917,108
count_wait,2000-04-22,2000-04-28,0.377805486,303,802,72
count_wait,2000-04-22,2000-04-28,0.363823227,354,973,117
count_wait,2000-04-22,2000-04-28,0.449541284,392,872,262
count_wait,2000-04-22,2000-04-28,0.350053362,328,937,68
count_wait,2000-04-22,2000-04-28,0.243303571,218,896,73
count_wait,2000-04-22,2000-04-28,0.359857482,303,842,97
count_wait,2000-04-29,2000-05-05,0.315680166,304,963,71
count_wait,2000-04-29,2000-05-05,0.275488069,254,922,84
count_wait,2000-04-29,2000-05-05,0.314618644,297,944,249
count_wait,2000-04-29,2000-05-05,0.382022472,340,890,53
count_wait,2000-04-29,2000-05-05,0.306016598,295,964,216
count_wait,2000-04-29,2000-05-05,0.400809717,396,988,56
count_wait,2000-04-29,2000-05-05,0.293714286,257,875,183
count_wait,2000-04-29,2000-05-05,0.392818281,361,919,145
count_wait,2000-04-29,2000-05-05,0.380422692,342,899,57
count_wait,2000-04-29,2000-05-05,0.217484009,204,938,108
count_wait,2000-04-29,2000-05-05,0.314593301,263,836,72
count_wait,2000-04-29,2000-05-05,0.36605317,358,978,117
count_wait,2000-04-29,2000-05-05,0.274298056,254,926,262
count_wait,2000-04-29,2000-05-05,0.212721585,204,959,68
count_wait,2000-04-29,2000-05-05,0.339468303,332,978,73
count_wait,2000-04-29,2000-05-05,0.294358974,287,975,97
count_wait,2000-05-06,2000-05-12,0.284705882,242,850,71
count_wait,2000-05-06,2000-05-12,0.322195704,270,838,84
count_wait,2000-05-06,2000-05-12,0.247652582,211,852,249
count_wait,2000-05-06,2000-05-12,0.417331813,366,877,53
count_wait,2000-05-06,2000-05-12,0.265542677,252,949,216
count_wait,2000-05-06,2000-05-12,0.326248672,307,941,56
count_wait,2000-05-06,2000-05-12,0.277716795,253,911,183
count_wait,2000-05-06,2000-05-12,0.409240924,372,909,145
count_wait,2000-05-06,2000-05-12,0.325775656,273,838,57
count_wait,2000-05-06,2000-05-12,0.362105263,344,950,108
count_wait,2000-05-06,2000-05-12,0.278290993,241,866,72
count_wait,2000-05-06,2000-05-12,0.273396425,260,951,117
count_wait,2000-05-06,2000-05-12,0.224268689,207,923,262
count_wait,2000-05-06,2000-05-12,0.310907238,305,981,68
count_wait,2000-05-06,2000-05-12,0.317708333,305,960,73
count_wait,2000-05-06,2000-05-12,0.244823386,201,821,97
count_wait,2000-05-13,2000-05-19,0.412269939,336,815,71
count_wait,2000-05-13,2000-05-19,0.253694581,206,812,84
count_wait,2000-05-13,2000-05-19,0.322799097,286,886,249
count_wait,2000-05-13,2000-05-19,0.325363825,313,962,53
count_wait,2000-05-13,2000-05-19,0.262208068,247,942,216
count_wait,2000-05-13,2000-05-19,0.282633371,249,881,56
count_wait,2000-05-13,2000-05-19,0.264254386,241,912,183
count_wait,2000-05-13,2000-05-19,0.300584795,257,855,145
count_wait,2000-05-13,2000-05-19,0.406616862,381,937,57
count_wait,2000-05-13,2000-05-19,0.347648262,340,978,108
count_wait,2000-05-13,2000-05-19,0.30802603,284,922,72
count_wait,2000-05-13,2000-05-19,0.273626374,249,910,117
count_wait,2000-05-13,2000-05-19,0.437428243,381,871,262
count_wait,2000-05-13,2000-05-19,0.282678002,266,941,68
count_wait,2000-05-13,2000-05-19,0.323299889,290,897,73
count_wait,2000-05-13,2000-05-19,0.238379023,200,839,97
count_wait,2000-05-20,2000-05-26,0.257608696,237,920,71
count_wait,2000-05-20,2000-05-26,0.373255814,321,860,84
count_wait,2000-05-20,2000-05-26,0.32565445,311,955,249
count_wait,2000-05-20,2000-05-26,0.408783784,363,888,53
count_wait,2000-05-20,2000-05-26,0.331313131,328,990,216
count_wait,2000-05-20,2000-05-26,0.254315305,221,869,56
count_wait,2000-05-20,2000-05-26,0.252934899,237,937,183
count_wait,2000-05-20,2000-05-26,0.237149533,203,856,145
count_wait,2000-05-20,2000-05-26,0.44028103,376,854,57
count_wait,2000-05-20,2000-05-26,0.276463263,222,803,108
count_wait,2000-05-20,2000-05-26,0.228050171,200,877,72
count_wait,2000-05-20,2000-05-26,0.380630631,338,888,117
count_wait,2000-05-20,2000-05-26,0.366510539,313,854,262
count_wait,2000-05-20,2000-05-26,0.283499446,256,903,68
count_wait,2000-05-20,2000-05-26,0.22742111,209,919,73
count_wait,2000-05-20,2000-05-26,0.305845511,293,958,97
count_wait,2000-05-27,2000-06-02,0.292110874,274,938,71
count_wait,2000-05-27,2000-06-02,0.35335689,300,849,84
count_wait,2000-05-27,2000-06-02,0.32244898,316,980,249
count_wait,2000-05-27,2000-06-02,0.281472684,237,842,53
count_wait,2000-05-27,2000-06-02,0.203203203,203,999,216
count_wait,2000-05-27,2000-06-02,0.369158879,316,856,56
count_wait,2000-05-27,2000-06-02,0.346715328,285,822,183
count_wait,2000-05-27,2000-06-02,0.271590909,239,880,145
count_wait,2000-05-27,2000-06-02,0.244120941,218,893,57
count_wait,2000-05-27,2000-06-02,0.349240781,322,922,108
count_wait,2000-05-27,2000-06-02,0.283272283,232,819,72
count_wait,2000-05-27,2000-06-02,0.30777903,273,887,117
count_wait,2000-05-27,2000-06-02,0.379,379,1000,262
count_wait,2000-05-27,2000-06-02,0.283256881,247,872,68
count_wait,2000-05-27,2000-06-02,0.379818594,335,882,73
count_wait,2000-05-27,2000-06-02,0.365602472,355,971,97
count_wait,2000-06-03,2000-06-09,0.347298787,315,907,71
count_wait,2000-06-03,2000-06-09,0.320670391,287,895,84
count_wait,2000-06-03,2000-06-09,0.294670846,282,957,249
count_wait,2000-06-03,2000-06-09,0.291917973,242,829,53
count_wait,2000-06-03,2000-06-09,0.436363636,360,825,216
count_wait,2000-06-03,2000-06-09,0.233545648,220,942,56
count_wait,2000-06-03,2000-06-09,0.236749117,201,849,183
count_wait,2000-06-03,2000-06-09,0.258796822,228,881,145
count_wait,2000-06-03,2000-06-09,0.375131718,356,949,57
count_wait,2000-06-03,2000-06-09,0.373469388,366,980,108
count_wait,2000-06-03,2000-06-09,0.337888199,272,805,72
count_wait,2000-06-03,2000-06-09,0.361748634,331,915,117
count_wait,2000-06-03,2000-06-09,0.280177187,253,903,262
count_wait,2000-06-03,2000-06-09,0.325552826,265,814,68
count_wait,2000-06-03,2000-06-09,0.360262009,330,916,73
count_wait,2000-06-03,2000-06-09,0.415981199,354,851,97
count_wait,2000-06-10,2000-06-16,0.312958435,256,818,71
count_wait,2000-06-10,2000-06-16,0.291183295,251,862,84
count_wait,2000-06-10,2000-06-16,0.402834008,398,988,249
count_wait,2000-06-10,2000-06-16,0.273615635,252,921,53
count_wait,2000-06-10,2000-06-16,0.447630923,359,802,216
count_wait,2000-06-10,2000-06-16,0.447595561,363,811,56
count_wait,2000-06-10,2000-06-16,0.30787037,266,864,183
count_wait,2000-06-10,2000-06-16,0.243775934,235,964,145
count_wait,2000-06-10,2000-06-16,0.318493151,279,876,57
count_wait,2000-06-10,2000-06-16,0.335164835,305,910,108
count_wait,2000-06-10,2000-06-16,0.278099652,240,863,72
count_wait,2000-06-10,2000-06-16,0.229508197,210,915,117
count_wait,2000-06-10,2000-06-16,0.293453725,260,886,262
count_wait,2000-06-10,2000-06-16,0.351571595,302,859,68
count_wait,2000-06-10,2000-06-16,0.35199005,283,804,73
count_wait,2000-06-10,2000-06-16,0.21835443,207,948,97
count_wait,2000-06-17,2000-06-23,0.306057386,288,941,71
count_wait,2000-06-17,2000-06-23,0.220543807,219,993,84
count_wait,2000-06-17,2000-06-23,0.268415742,266,991,249
count_wait,2000-06-17,2000-06-23,0.422196796,369,874,53
count_wait,2000-06-17,2000-06-23,0.479503106,386,805,216
count_wait,2000-06-17,2000-06-23,0.41954708,352,839,56
count_wait,2000-06-17,2000-06-23,0.397058824,351,884,183
count_wait,2000-06-17,2000-06-23,0.343201754,313,912,145
count_wait,2000-06-17,2000-06-23,0.35167206,326,927,57
count_wait,2000-06-17,2000-06-23,0.423529412,396,935,108
count_wait,2000-06-17,2000-06-23,0.296158612,239,807,72
count_wait,2000-06-17,2000-06-23,0.407880724,383,939,117
count_wait,2000-06-17,2000-06-23,0.329959514,326,988,262
count_wait,2000-06-17,2000-06-23,0.345679012,308,891,68
count_wait,2000-06-17,2000-06-23,0.297163995,241,811,73
count_wait,2000-06-17,2000-06-23,0.343201754,313,912,97
count_wait,2000-06-24,2000-06-30,0.354903943,351,989,71
count_wait,2000-06-24,2000-06-30,0.315789474,288,912,84
count_wait,2000-06-24,2000-06-30,0.410650888,347,845,249
count_wait,2000-06-24,2000-06-30,0.254117647,216,850,53
count_wait,2000-06-24,2000-06-30,0.348164627,313,899,216
count_wait,2000-06-24,2000-06-30,0.374848851,310,827,56
count_wait,2000-06-24,2000-06-30,0.264108352,234,886,183
count_wait,2000-06-24,2000-06-30,0.419491525,396,944,145
count_wait,2000-06-24,2000-06-30,0.324516785,319,983,57
count_wait,2000-06-24,2000-06-30,0.449464923,378,841,108
count_wait,2000-06-24,2000-06-30,0.317155756,281,886,72
count_wait,2000-06-24,2000-06-30,0.391129032,388,992,117
count_wait,2000-06-24,2000-06-30,0.401950163,371,923,262
count_wait,2000-06-24,2000-06-30,0.293986637,264,898,68
count_wait,2000-06-24,2000-06-30,0.428265525,400,934,73
count_wait,2000-06-24,2000-06-30,0.4525,362,800,97
count_wait,2000-07-01,2000-07-07,0.431053203,397,921,71
count_wait,2000-07-01,2000-07-07,0.251237624,203,808,84
count_wait,2000-07-01,2000-07-07,0.207430341,201,969,249
count_wait,2000-07-01,2000-07-07,0.220977597,217,982,53
count_wait,2000-07-01,2000-07-07,0.410194175,338,824,216
count_wait,2000-07-01,2000-07-07,0.329497908,315,956,56
count_wait,2000-07-01,2000-07-07,0.374429224,328,876,183
count_wait,2000-07-01,2000-07-07,0.256437768,239,932,145
count_wait,2000-07-01,2000-07-07,0.337398374,332,984,57
count_wait,2000-07-01,2000-07-07,0.250292398,214,855,108
count_wait,2000-07-01,2000-07-07,0.448189763,359,801,72
count_wait,2000-07-01,2000-07-07,0.42550911,397,933,117
count_wait,2000-07-01,2000-07-07,0.405077263,367,906,262
count_wait,2000-07-01,2000-07-07,0.409477521,337,823,68
count_wait,2000-07-01,2000-07-07,0.43003413,378,879,73
count_wait,2000-07-01,2000-07-07,0.260080645,258,992,97
count_wait,2000-07-08,2000-07-14,0.429447853,350,815,71
count_wait,2000-07-08,2000-07-14,0.478417266,399,834,84
count_wait,2000-07-08,2000-07-14,0.224260958,220,981,249
count_wait,2000-07-08,2000-07-14,0.262962963,213,810,53
count_wait,2000-07-08,2000-07-14,0.279955207,250,893,216
count_wait,2000-07-08,2000-07-14,0.23059867,208,902,56
count_wait,2000-07-08,2000-07-14,0.37745098,308,816,183
count_wait,2000-07-08,2000-07-14,0.345641026,337,975,145
count_wait,2000-07-08,2000-07-14,0.245654693,212,863,57
count_wait,2000-07-08,2000-07-14,0.384892086,321,834,108
count_wait,2000-07-08,2000-07-14,0.246589717,235,953,72
count_wait,2000-07-08,2000-07-14,0.246392897,222,901,117
count_wait,2000-07-08,2000-07-14,0.415198238,377,908,262
count_wait,2000-07-08,2000-07-14,0.331637843,326,983,68
count_wait,2000-07-08,2000-07-14,0.404689093,397,981,73
count_wait,2000-07-08,2000-07-14,0.312,312,1000,97
count_wait,2000-07-15,2000-07-21,0.240816327,236,980,71
count_wait,2000-07-15,2000-07-21,0.254458977,214,841,84
count_wait,2000-07-15,2000-07-21,0.3640553,316,868,249
count_wait,2000-07-15,2000-07-21,0.424821002,356,838,53
count_wait,2000-07-15,2000-07-21,0.364745011,329,902,216
count_wait,2000-07-15,2000-07-21,0.457875458,375,819,56
count_wait,2000-07-15,2000-07-21,0.41084463,394,959,183
count_wait,2000-07-15,2000-07-21,0.343642612,300,873,145
count_wait,2000-07-15,2000-07-21,0.402676399,331,822,57
count_wait,2000-07-15,2000-07-21,0.236125126,234,991,108
count_wait,2000-07-15,2000-07-21,0.297266515,261,878,72
count_wait,2000-07-15,2000-07-21,0.295,295,1000,117
count_wait,2000-07-15,2000-07-21,0.472553699,396,838,262
count_wait,2000-07-15,2000-07-21,0.296858072,274,923,68
count_wait,2000-07-15,2000-07-21,0.302272727,266,880,73
count_wait,2000-07-15,2000-07-21,0.307222787,302,983,97
count_wait,2000-07-22,2000-07-28,0.361702128,357,987,71
count_wait,2000-07-22,2000-07-28,0.347174164,301,867,84
count_wait,2000-07-22,2000-07-28,0.250306748,204,815,249
count_wait,2000-07-22,2000-07-28,0.380267215,370,973,53
count_wait,2000-07-22,2000-07-28,0.304573805,293,962,216
count_wait,2000-07-22,2000-07-28,0.400423729,378,944,56
count_wait,2000-07-22,2000-07-28,0.267707083,223,833,183
count_wait,2000-07-22,2000-07-28,0.252873563,220,870,145
count_wait,2000-07-22,2000-07-28,0.348,348,1000,57
count_wait,2000-07-22,2000-07-28,0.421568627,387,918,108
count_wait,2000-07-22,2000-07-28,0.251556663,202,803,72
count_wait,2000-07-22,2000-07-28,0.336548767,314,933,117
count_wait,2000-07-22,2000-07-28,0.317409766,299,942,262
count_wait,2000-07-22,2000-07-28,0.37874097,367,969,68
count_wait,2000-07-22,2000-07-28,0.427758817,376,879,73
count_wait,2000-07-22,2000-07-28,0.230529595,222,963,97
count_wait,2000-07-29,2000-08-04,0.329449153,311,944,71
count_wait,2000-07-29,2000-08-04,0.232142857,221,952,84
count_wait,2000-07-29,2000-08-04,0.398757764,321,805,249
count_wait,2000-07-29,2000-08-04,0.309446254,285,921,53
count_wait,2000-07-29,2000-08-04,0.244970414,207,845,216
count_wait,2000-07-29,2000-08-04,0.483636364,399,825,56
count_wait,2000-07-29,2000-08-04,0.346069869,317,916,183
count_wait,2000-07-29,2000-08-04,0.25203252,248,984,145
count_wait,2000-07-29,2000-08-04,0.446428571,400,896,57
count_wait,2000-07-29,2000-08-04,0.321100917,280,872,108
count_wait,2000-07-29,2000-08-04,0.274971942,245,891,72
count_wait,2000-07-29,2000-08-04,0.410650888,347,845,117
count_wait,2000-07-29,2000-08-04,0.279877426,274,979,262
count_wait,2000-07-29,2000-08-04,0.289194915,273,944,68
count_wait,2000-07-29,2000-08-04,0.341915551,332,971,73
count_wait,2000-07-29,2000-08-04,0.307962529,263,854,97
count_wait,2000-08-05,2000-08-11,0.320268757,286,893,71
count_wait,2000-08-05,2000-08-11,0.294840295,240,814,84
count_wait,2000-08-05,2000-08-11,0.390455531,360,922,249
count_wait,2000-08-05,2000-08-11,0.320693391,296,923,53
count_wait,2000-08-05,2000-08-11,0.322305229,302,937,216
count_wait,2000-08-05,2000-08-11,0.348583878,320,918,56
count_wait,2000-08-05,2000-08-11,0.344036697,300,872,183
count_wait,2000-08-05,2000-08-11,0.308906426,274,887,145
count_wait,2000-08-05,2000-08-11,0.265446224,232,874,57
count_wait,2000-08-05,2000-08-11,0.39573991,353,892,108
count_wait,2000-08-05,2000-08-11,0.339901478,276,812,72
count_wait,2000-08-05,2000-08-11,0.278172589,274,985,117
count_wait,2000-08-05,2000-08-11,0.420600858,392,932,262
count_wait,2000-08-05,2000-08-11,0.479654747,389,811,68
count_wait,2000-08-05,2000-08-11,0.388195233,342,881,73
count_wait,2000-08-05,2000-08-11,0.352432432,326,925,97
count_wait,2000-08-12,2000-08-18,0.356321839,310,870,71
count_wait,2000-08-12,2000-08-18,0.379844961,343,903,84
count_wait,2000-08-12,2000-08-18,0.362955032,339,934,249
count_wait,2000-08-12,2000-08-18,0.322807018,276,855,53
count_wait,2000-08-12,2000-08-18,0.32664437,293,897,216
count_wait,2000-08-12,2000-08-18,0.289630513,243,839,56
count_wait,2000-08-12,2000-08-18,0.380562061,325,854,183
count_wait,2000-08-12,2000-08-18,0.287755102,282,980,145
count_wait,2000-08-12,2000-08-18,0.413202934,338,818,57
count_wait,2000-08-12,2000-08-18,0.35016835,312,891,108
count_wait,2000-08-12,2000-08-18,0.451348183,385,853,72
count_wait,2000-08-12,2000-08-18,0.275607181,261,947,117
count_wait,2000-08-12,2000-08-18,0.410974244,367,893,262
count_wait,2000-08-12,2000-08-18,0.431351351,399,925,68
count_wait,2000-08-12,2000-08-18,0.275144509,238,865,73
count_wait,2000-08-12,2000-08-18,0.302547771,285,942,97
count_wait,2000-08-19,2000-08-25,0.229211087,215,938,71
count_wait,2000-08-19,2000-08-25,0.497506234,399,802,84
count_wait,2000-08-19,2000-08-25,0.429353779,392,913,249
count_wait,2000-08-19,2000-08-25,0.414285714,377,910,53
count_wait,2000-08-19,2000-08-25,0.415294118,353,850,216
count_wait,2000-08-19,2000-08-25,0.429742389,367,854,56
count_wait,2000-08-19,2000-08-25,0.260020555,253,973,183
count_wait,2000-08-19,2000-08-25,0.485924113,397,817,145
count_wait,2000-08-19,2000-08-25,0.378859857,319,842,57
count_wait,2000-08-19,2000-08-25,0.486419753,394,810,108
count_wait,2000-08-19,2000-08-25,0.308035714,276,896,72
count_wait,2000-08-19,2000-08-25,0.401162791,345,860,117
count_wait,2000-08-19,2000-08-25,0.42087156,367,872,262
count_wait,2000-08-19,2000-08-25,0.236632537,208,879,68
count_wait,2000-08-19,2000-08-25,0.319047619,268,840,73
count_wait,2000-08-19,2000-08-25,0.2209889,219,991,97
count_wait,2000-08-26,2000-09-01,0.26519337,240,905,71
count_wait,2000-08-26,2000-09-01,0.256465517,238,928,84
count_wait,2000-08-26,2000-09-01,0.356069364,308,865,249
count_wait,2000-08-26,2000-09-01,0.212962963,207,972,53
count_wait,2000-08-26,2000-09-01,0.209137056,206,985,216
count_wait,2000-08-26,2000-09-01,0.414634146,357,861,56
count_wait,2000-08-26,2000-09-01,0.377267231,312,827,183
count_wait,2000-08-26,2000-09-01,0.330085262,271,821,145
count_wait,2000-08-26,2000-09-01,0.362365591,337,930,57
count_wait,2000-08-26,2000-09-01,0.307770961,301,978,108
count_wait,2000-08-26,2000-09-01,0.372677596,341,915,72
count_wait,2000-08-26,2000-09-01,0.322323462,283,878,117
count_wait,2000-08-26,2000-09-01,0.32041049,281,877,262
count_wait,2000-08-26,2000-09-01,0.447191011,398,890,68
count_wait,2000-08-26,2000-09-01,0.275184275,224,814,73
count_wait,2000-08-26,2000-09-01,0.360745614,329,912,97
count_wait,2000-09-02,2000-09-08,0.315325248,286,907,71
count_wait,2000-09-02,2000-09-08,0.235116044,233,991,84
count_wait,2000-09-02,2000-09-08,0.271903323,270,993,249
count_wait,2000-09-02,2000-09-08,0.325221239,294,904,53
count_wait,2000-09-02,2000-09-08,0.346028292,318,919,216
count_wait,2000-09-02,2000-09-08,0.293040293,240,819,56
count_wait,2000-09-02,2000-09-08,0.284077892,248,873,183
count_wait,2000-09-02,2000-09-08,0.360544218,318,882,145
count_wait,2000-09-02,2000-09-08,0.418803419,392,936,57
count_wait,2000-09-02,2000-09-08,0.387331256,373,963,108
count_wait,2000-09-02,2000-09-08,0.340425532,304,893,72
count_wait,2000-09-02,2000-09-08,0.294247788,266,904,117
count_wait,2000-09-02,2000-09-08,0.448587571,397,885,262
count_wait,2000-09-02,2000-09-08,0.328267477,324,987,68
count_wait,2000-09-02,2000-09-08,0.455104551,370,813,73
count_wait,2000-09-02,2000-09-08,0.327930175,263,802,97
count_wait,2000-09-09,2000-09-15,0.434567901,352,810,71
count_wait,2000-09-09,2000-09-15,0.374871267,364,971,84
count_wait,2000-09-09,2000-09-15,0.363535912,329,905,249
count_wait,2000-09-09,2000-09-15,0.261980831,246,939,53
count_wait,2000-09-09,2000-09-15,0.332187858,290,873,216
count_wait,2000-09-09,2000-09-15,0.28280543,250,884,56
count_wait,2000-09-09,2000-09-15,0.314669653,281,893,183
count_wait,2000-09-09,2000-09-15,0.293854749,263,895,145
count_wait,2000-09-09,2000-09-15,0.392271663,335,854,57
count_wait,2000-09-09,2000-09-15,0.303991812,297,977,108
count_wait,2000-09-09,2000-09-15,0.3625,319,880,72
count_wait,2000-09-09,2000-09-15,0.300865801,278,924,117
count_wait,2000-09-09,2000-09-15,0.378874856,330,871,262
count_wait,2000-09-09,2000-09-15,0.269187987,242,899,68
count_wait,2000-09-09,2000-09-15,0.405750799,381,939,73
count_wait,2000-09-09,2000-09-15,0.339074273,315,929,97
count_wait,2000-09-16,2000-09-22,0.262260128,246,938,71
count_wait,2000-09-16,2000-09-22,0.261904762,231,882,84
count_wait,2000-09-16,2000-09-22,0.335766423,276,822,249
count_wait,2000-09-16,2000-09-22,0.262019231,218,832,53
count_wait,2000-09-16,2000-09-22,0.348916762,306,877,216
count_wait,2000-09-16,2000-09-22,0.28057554,273,973,56
count_wait,2000-09-16,2000-09-22,0.344202899,285,828,183
count_wait,2000-09-16,2000-09-22,0.253303965,230,908,145
count_wait,2000-09-16,2000-09-22,0.265283843,243,916,57
count_wait,2000-09-16,2000-09-22,0.327677625,309,943,108
count_wait,2000-09-16,2000-09-22,0.327250608,269,822,72
count_wait,2000-09-16,2000-09-22,0.368965517,321,870,117
count_wait,2000-09-16,2000-09-22,0.45599022,373,818,262
count_wait,2000-09-16,2000-09-22,0.420467186,378,899,68
count_wait,2000-09-16,2000-09-22,0.404328018,355,878,73
count_wait,2000-09-16,2000-09-22,0.238723872,217,909,97
count_wait,2000-09-23,2000-09-29,0.334063527,305,913,71
count_wait,2000-09-23,2000-09-29,0.432113341,366,847,84
count_wait,2000-09-23,2000-09-29,0.336956522,279,828,249
count_wait,2000-09-23,2000-09-29,0.293040293,240,819,53
count_wait,2000-09-23,2000-09-29,0.284916201,255,895,216
count_wait,2000-09-23,2000-09-29,0.243873979,209,857,56
count_wait,2000-09-23,2000-09-29,0.381903643,325,851,183
count_wait,2000-09-23,2000-09-29,0.346481876,325,938,145
count_wait,2000-09-23,2000-09-29,0.287309645,283,985,57
count_wait,2000-09-23,2000-09-29,0.260668973,226,867,108
count_wait,2000-09-23,2000-09-29,0.344228805,337,979,72
count_wait,2000-09-23,2000-09-29,0.388613861,314,808,117
count_wait,2000-09-23,2000-09-29,0.346650999,295,851,262
count_wait,2000-09-23,2000-09-29,0.467243511,378,809,68
count_wait,2000-09-23,2000-09-29,0.309638554,257,830,73
count_wait,2000-09-23,2000-09-29,0.368301026,323,877,97
count_wait,2000-09-30,2000-10-06,0.386533666,310,802,71
count_wait,2000-09-30,2000-10-06,0.401658768,339,844,84
count_wait,2000-09-30,2000-10-06,0.240373396,206,857,249
count_wait,2000-09-30,2000-10-06,0.450800915,394,874,53
count_wait,2000-09-30,2000-10-06,0.31978022,291,910,216
count_wait,2000-09-30,2000-10-06,0.375308642,304,810,56
count_wait,2000-09-30,2000-10-06,0.436363636,384,880,183
count_wait,2000-09-30,2000-10-06,0.27816092,242,870,145
count_wait,2000-09-30,2000-10-06,0.285416667,274,960,57
count_wait,2000-09-30,2000-10-06,0.328293737,304,926,108
count_wait,2000-09-30,2000-10-06,0.247894103,206,831,72
count_wait,2000-09-30,2000-10-06,0.404126214,333,824,117
count_wait,2000-09-30,2000-10-06,0.371601208,369,993,262
count_wait,2000-09-30,2000-10-06,0.408983452,346,846,68
count_wait,2000-09-30,2000-10-06,0.272727273,258,946,73
count_wait,2000-09-30,2000-10-06,0.203441296,201,988,97
count_wait,2000-10-07,2000-10-13,0.360675513,299,829,71
count_wait,2000-10-07,2000-10-13,0.247863248,232,936,84
count_wait,2000-10-07,2000-10-13,0.423595506,377,890,249
count_wait,2000-10-07,2000-10-13,0.384520885,313,814,53
count_wait,2000-10-07,2000-10-13,0.266427718,223,837,216
count_wait,2000-10-07,2000-10-13,0.303128371,281,927,56
count_wait,2000-10-07,2000-10-13,0.30794702,279,906,183
count_wait,2000-10-07,2000-10-13,0.470734745,378,803,145
count_wait,2000-10-07,2000-10-13,0.435251799,363,834,57
count_wait,2000-10-07,2000-10-13,0.47037037,381,810,108
count_wait,2000-10-07,2000-10-13,0.31595092,309,978,72
count_wait,2000-10-07,2000-10-13,0.428396573,350,817,117
count_wait,2000-10-07,2000-10-13,0.277546778,267,962,262
count_wait,2000-10-07,2000-10-13,0.297385621,273,918,68
count_wait,2000-10-07,2000-10-13,0.3660619,343,937,73
count_wait,2000-10-07,2000-10-13,0.227822581,226,992,97
count_wait,2000-10-14,2000-10-20,0.28057554,234,834,71
count_wait,2000-10-14,2000-10-20,0.268292683,231,861,84
count_wait,2000-10-14,2000-10-20,0.238573021,214,897,249
count_wait,2000-10-14,2000-10-20,0.3875803,362,934,53
count_wait,2000-10-14,2000-10-20,0.297684675,270,907,216
count_wait,2000-10-14,2000-10-20,0.267316017,247,924,56
count_wait,2000-10-14,2000-10-20,0.442105263,378,855,183
count_wait,2000-10-14,2000-10-20,0.41221374,378,917,145
count_wait,2000-10-14,2000-10-20,0.380387931,353,928,57
count_wait,2000-10-14,2000-10-20,0.278017241,258,928,108
count_wait,2000-10-14,2000-10-20,0.253488372,218,860,72
count_wait,2000-10-14,2000-10-20,0.427046263,360,843,117
count_wait,2000-10-14,2000-10-20,0.286773795,232,809,262
count_wait,2000-10-14,2000-10-20,0.386597938,375,970,68
count_wait,2000-10-14,2000-10-20,0.229095074,200,873,73
count_wait,2000-10-14,2000-10-20,0.375268817,349,930,97
count_wait,2000-10-21,2000-10-27,0.453416149,365,805,71
count_wait,2000-10-21,2000-10-27,0.393835616,345,876,84
count_wait,2000-10-21,2000-10-27,0.437430786,395,903,249
count_wait,2000-10-21,2000-10-27,0.286021505,266,930,53
count_wait,2000-10-21,2000-10-27,0.344242424,284,825,216
count_wait,2000-10-21,2000-10-27,0.274834437,249,906,56
count_wait,2000-10-21,2000-10-27,0.241492865,220,911,183
count_wait,2000-10-21,2000-10-27,0.311458333,299,960,145
count_wait,2000-10-21,2000-10-27,0.291166848,267,917,57
count_wait,2000-10-21,2000-10-27,0.259217877,232,895,108
count_wait,2000-10-21,2000-10-27,0.279620853,236,844,72
count_wait,2000-10-21,2000-10-27,0.222459893,208,935,117
count_wait,2000-10-21,2000-10-27,0.426710098,393,921,262
count_wait,2000-10-21,2000-10-27,0.251046025,240,956,68
count_wait,2000-10-21,2000-10-27,0.280500521,269,959,73
count_wait,2000-10-21,2000-10-27,0.224806202,203,903,97
count_wait,2000-10-28,2000-11-03,0.40201005,400,995,71
count_wait,2000-10-28,2000-11-03,0.298454221,251,841,84
count_wait,2000-10-28,2000-11-03,0.268656716,216,804,249
count_wait,2000-10-28,2000-11-03,0.36227224,338,933,53
count_wait,2000-10-28,2000-11-03,0.224299065,216,963,216
count_wait,2000-10-28,2000-11-03,0.40625,325,800,56
count_wait,2000-10-28,2000-11-03,0.262349067,239,911,183
count_wait,2000-10-28,2000-11-03,0.418994413,375,895,145
count_wait,2000-10-28,2000-11-03,0.217529039,206,947,57
count_wait,2000-10-28,2000-11-03,0.47079857,395,839,108
count_wait,2000-10-28,2000-11-03,0.410071942,399,973,72
count_wait,2000-10-28,2000-11-03,0.341600902,303,887,117
count_wait,2000-10-28,2000-11-03,0.287656904,275,956,262
count_wait,2000-10-28,2000-11-03,0.3875803,362,934,68
count_wait,2000-10-28,2000-11-03,0.378896882,316,834,73
count_wait,2000-10-28,2000-11-03,0.337693222,284,841,97
count_wait,2000-11-04,2000-11-10,0.259174312,226,872,71
count_wait,2000-11-04,2000-11-10,0.39100346,339,867,84
count_wait,2000-11-04,2000-11-10,0.3619818,358,989,249
count_wait,2000-11-04,2000-11-10,0.363819095,362,995,53
count_wait,2000-11-04,2000-11-10,0.332613391,308,926,216
count_wait,2000-11-04,2000-11-10,0.373205742,312,836,56
count_wait,2000-11-04,2000-11-10,0.328850856,269,818,183
count_wait,2000-11-04,2000-11-10,0.325503356,291,894,145
count_wait,2000-11-04,2000-11-10,0.377232143,338,896,57
count_wait,2000-11-04,2000-11-10,0.326280624,293,898,108
count_wait,2000-11-04,2000-11-10,0.386339381,362,937,72
count_wait,2000-11-04,2000-11-10,0.397231097,373,939,117
count_wait,2000-11-04,2000-11-10,0.242331288,237,978,262
count_wait,2000-11-04,2000-11-10,0.410372041,364,887,68
count_wait,2000-11-04,2000-11-10,0.396744659,390,983,73
count_wait,2000-11-04,2000-11-10,0.288461538,270,936,97
count_wait,2000-11-11,2000-11-17,0.24497992,244,996,71
count_wait,2000-11-11,2000-11-17,0.423286181,389,919,84
count_wait,2000-11-11,2000-11-17,0.257,257,1000,249
count_wait,2000-11-11,2000-11-17,0.283353011,240,847,53
count_wait,2000-11-11,2000-11-17,0.363729508,355,976,216
count_wait,2000-11-11,2000-11-17,0.325,260,800,56
count_wait,2000-11-11,2000-11-17,0.228658537,225,984,183
count_wait,2000-11-11,2000-11-17,0.234204793,215,918,145
count_wait,2000-11-11,2000-11-17,0.364210526,346,950,57
count_wait,2000-11-11,2000-11-17,0.297085202,265,892,108
count_wait,2000-11-11,2000-11-17,0.349789916,333,952,72
count_wait,2000-11-11,2000-11-17,0.251933702,228,905,117
count_wait,2000-11-11,2000-11-17,0.289169295,275,951,262
count_wait,2000-11-11,2000-11-17,0.310552764,309,995,68
count_wait,2000-11-11,2000-11-17,0.346511628,298,860,73
count_wait,2000-11-11,2000-11-17,0.233233233,233,999,97
count_wait,2000-11-18,2000-11-24,0.401985112,324,806,71
count_wait,2000-11-18,2000-11-24,0.377011494,328,870,84
count_wait,2000-11-18,2000-11-24,0.37037037,320,864,249
count_wait,2000-11-18,2000-11-24,0.236096537,225,953,53
count_wait,2000-11-18,2000-11-24,0.269106566,250,929,216
count_wait,2000-11-18,2000-11-24,0.292134831,234,801,56
count_wait,2000-11-18,2000-11-24,0.290607735,263,905,183
count_wait,2000-11-18,2000-11-24,0.282520325,278,984,145
count_wait,2000-11-18,2000-11-24,0.216753927,207,955,57
count_wait,2000-11-18,2000-11-24,0.362445415,332,916,108
count_wait,2000-11-18,2000-11-24,0.241525424,228,944,72
count_wait,2000-11-18,2000-11-24,0.358510638,337,940,117
count_wait,2000-11-18,2000-11-24,0.2925,234,800,262
count_wait,2000-11-18,2000-11-24,0.407142857,399,980,68
count_wait,2000-11-18,2000-11-24,0.416389812,376,903,73
count_wait,2000-11-18,2000-11-24,0.233513514,216,925,97
count_wait,2000-11-25,2000-12-01,0.393675027,361,917,71
count_wait,2000-11-25,2000-12-01,0.27936146,245,877,84
count_wait,2000-11-25,2000-12-01,0.273390036,225,823,249
count_wait,2000-11-25,2000-12-01,0.356122449,349,980,53
count_wait,2000-11-25,2000-12-01,0.315443593,288,913,216
count_wait,2000-11-25,2000-12-01,0.345971564,292,844,56
count_wait,2000-11-25,2000-12-01,0.32,296,925,183
count_wait,2000-11-25,2000-12-01,0.413680782,381,921,145
count_wait,2000-11-25,2000-12-01,0.36809816,360,978,57
count_wait,2000-11-25,2000-12-01,0.376636455,374,993,108
count_wait,2000-11-25,2000-12-01,0.337606838,316,936,72
count_wait,2000-11-25,2000-12-01,0.222668004,222,997,117
count_wait,2000-11-25,2000-12-01,0.367321867,299,814,262
count_wait,2000-11-25,2000-12-01,0.295101553,247,837,68
count_wait,2000-11-25,2000-12-01,0.410514541,367,894,73
count_wait,2000-11-25,2000-12-01,0.293797606,270,919,97
count_wait,2000-12-02,2000-12-08,0.273311897,255,933,71
count_wait,2000-12-02,2000-12-08,0.480440098,393,818,84
count_wait,2000-12-02,2000-12-08,0.394350282,349,885,249
count_wait,2000-12-02,2000-12-08,0.313519814,269,858,53
count_wait,2000-12-02,2000-12-08,0.404279279,359,888,216
count_wait,2000-12-02,2000-12-08,0.311059908,270,868,56
count_wait,2000-12-02,2000-12-08,0.343653251,333,969,183
count_wait,2000-12-02,2000-12-08,0.31498829,269,854,145
count_wait,2000-12-02,2000-12-08,0.354916067,296,834,57
count_wait,2000-12-02,2000-12-08,0.25896861,231,892,108
count_wait,2000-12-02,2000-12-08,0.321540062,309,961,72
count_wait,2000-12-02,2000-12-08,0.382550336,342,894,117
count_wait,2000-12-02,2000-12-08,0.468339307,392,837,262
count_wait,2000-12-02,2000-12-08,0.344789357,311,902,68
count_wait,2000-12-02,2000-12-08,0.286187845,259,905,73
count_wait,2000-12-02,2000-12-08,0.43387471,374,862,97
count_wait,2000-12-09,2000-12-15,0.279352227,276,988,71
count_wait,2000-12-09,2000-12-15,0.243534483,226,928,84
count_wait,2000-12-09,2000-12-15,0.300552486,272,905,249
count_wait,2000-12-09,2000-12-15,0.424178155,400,943,53
count_wait,2000-12-09,2000-12-15,0.421911422,362,858,216
count_wait,2000-12-09,2000-12-15,0.302297461,250,827,56
count_wait,2000-12-09,2000-12-15,0.404279279,359,888,183
count_wait,2000-12-09,2000-12-15,0.224422442,204,909,145
count_wait,2000-12-09,2000-12-15,0.384704519,332,863,57
count_wait,2000-12-09,2000-12-15,0.269368296,226,839,108
count_wait,2000-12-09,2000-12-15,0.278212291,249,895,72
count_wait,2000-12-09,2000-12-15,0.284842319,280,983,117
count_wait,2000-12-09,2000-12-15,0.319587629,310,970,262
count_wait,2000-12-09,2000-12-15,0.34596577,283,818,68
count_wait,2000-12-09,2000-12-15,0.371492705,331,891,73
count_wait,2000-12-09,2000-12-15,0.285410011,268,939,97
count_wait,2000-12-16,2000-12-22,0.257900102,253,981,71
count_wait,2000-12-16,2000-12-22,0.327526132,282,861,84
count_wait,2000-12-16,2000-12-22,0.411458333,395,960,249
count_wait,2000-12-16,2000-12-22,0.397783251,323,812,53
count_wait,2000-12-16,2000-12-22,0.284140969,258,908,216
count_wait,2000-12-16,2000-12-22,0.21319797,210,985,56
count_wait,2000-12-16,2000-12-22,0.427293065,382,894,183
count_wait,2000-12-16,2000-12-22,0.253403141,242,955,145
count_wait,2000-12-16,2000-12-22,0.293406593,267,910,57
count_wait,2000-12-16,2000-12-22,0.331147541,303,915,108
count_wait,2000-12-16,2000-12-22,0.265432099,215,810,72
count_wait,2000-12-16,2000-12-22,0.39800995,320,804,117
count_wait,2000-12-16,2000-12-22,0.364559819,323,886,262
count_wait,2000-12-16,2000-12-22,0.45952381,386,840,68
count_wait,2000-12-16,2000-12-22,0.405162738,361,891,73
count_wait,2000-12-16,2000-12-22,0.263326226,247,938,97
count_wait,2000-12-23,2000-12-29,0.266949153,252,944,71
count_wait,2000-12-23,2000-12-29,0.296171171,263,888,84
count_wait,2000-12-23,2000-12-29,0.375661376,355,945,249
count_wait,2000-12-23,2000-12-29,0.418285714,366,875,53
count_wait,2000-12-23,2000-12-29,0.439903846,366,832,216
count_wait,2000-12-23,2000-12-29,0.259,259,1000,56
count_wait,2000-12-23,2000-12-29,0.401483051,379,944,183
count_wait,2000-12-23,2000-12-29,0.265282584,230,867,145
count_wait,2000-12-23,2000-12-29,0.269035533,265,985,57
count_wait,2000-12-23,2000-12-29,0.396858639,379,955,108
count_wait,2000-12-23,2000-12-29,0.368104313,367,997,72
count_wait,2000-12-23,2000-12-29,0.348986126,327,937,117
count_wait,2000-12-23,2000-12-29,0.36091954,314,870,262
count_wait,2000-12-23,2000-12-29,0.410225922,345,841,68
count_wait,2000-12-23,2000-12-29,0.23318872,215,922,73
count_wait,2000-12-23,2000-12-29,0.45990566,390,848,97
